obsnme,val_vs_up,OF_zone,YF_zone,Fbrk_zone,K_zone_1,K_zone_2,K_zone_3,HOB_id,well_id,source,num_obs,month_mode,depth_to_water_m,depth_to_well_screen_top_m,depth_to_well_screen_bottom_m,elev_land_obs_m,elev_land_model_m,elev_botm_lyr1,elev_botm_lyr2,elev_botm_lyr3,ibound_lyr1,ibound_lyr2,ibound_lyr3,layer,row,col,roff,coff,sim_mean,obs_mean,error_mean,mse,mae,diff_elev_land_model_obs_m,elev_well_screen_top_m,elev_well_screen_bottom_m,summary_category
HO_0,upland,0.0,0.0,14.0,0.0,0.0,198.0,HO_0,007N010W10H001M,NWIS,1,6,3.5996880000000004,3.3528,6.7056,64.31280000000001,71.8499984741211,71.8499984741211,71.8499984741211,21.849998474121094,0,0,1,3,347,129,-0.3599,0.1744,70.6641921997,68.2502975464,2.413894653299991,2.413894653299991,2.413894653299991,7.537198474121084,68.49719847412109,65.14439847412109,upland
HO_1,upland,0.0,0.0,14.0,0.0,0.0,193.0,HO_1,007N010W28P001M,NWIS,1,7,5.230368,,24.384,326.7456,319.8599853515625,319.8599853515625,319.8599853515625,269.8599853515625,0,0,1,3,366,122,0.4825,0.0641,282.663970947,314.629608154,-31.965637206999986,31.965637206999986,31.965637206999986,6.8856146484375245,,295.4759853515625,upland
HO_2,valley,16.0,0.0,14.0,0.0,181.0,231.0,HO_2,383971N1228879W001,DWR,9,10,18.65376,,,110.15776800000002,101.41000366210938,101.41000366210938,91.41000366210938,41.410003662109375,0,1,1,2,373,147,0.2282,-0.2041,92.2311172485,83.3996963501,8.831420898399998,8.831420898399998,8.831420898399998,8.747764337890644,,,"valley, |residual| = 5-10 m"
HO_3,upland,14.0,18.0,14.0,112.0,180.0,197.0,HO_3,384387N1229005W001,DWR,9,10,20.64512,,,67.22364000000002,50.09999847412109,30.099998474121094,10.099998474121094,-19.900001525878903,1,1,1,1,358,143,-0.154,0.1118,41.354511261,26.7285995483,14.625911712699999,14.625911712699999,14.625911712699999,17.12364152587893,,,upland
HO_4,valley,14.0,18.0,14.0,91.0,136.0,233.0,HO_4,384563N1230535W001,DWR,955,10,4.941212177500001,7.315200000000001,10.3632,6.117335999999999,0.3499999940395355,-105.75,-125.75,-155.75,1,1,1,1,351,99,0.3474,-0.393,1.37186276913,-4.59189987183,5.96376264096,5.96376264096,5.96376264096,5.7673360059604635,-6.965200005960465,-10.013200005960465,"valley, |residual| = 5-10 m"
HO_5,valley,14.0,18.0,14.0,91.0,136.0,233.0,HO_5,384773N1229923W001,DWR,14,3,12.606528,32.308800000000005,41.4528,15.145512,1.7300000190734863,-28.270000457763672,-48.27000045776367,-78.2699966430664,1,1,1,2,344,116,-0.4132,0.4002,2.62347459793,-11.0349998474,13.65847444533,13.65847444533,13.65847444533,13.415511980926514,-30.57879998092652,-39.72279998092652,"valley, |residual| > 10 m"
HO_6,valley,16.0,18.0,14.0,113.0,181.0,231.0,HO_6,006N009W05G001M,NWIS,1,4,9.744456,18.288,54.864,69.7992,74.87999725341797,54.87999725341797,34.87999725341797,-15.120002746582031,1,1,1,2,374,149,0.156,0.2583,61.3180847168,65.1354980469,-3.8174133300999955,3.8174133300999955,3.8174133300999955,5.08079725341797,56.59199725341797,20.01599725341797,"valley, |residual| <= 5 m"
HO_7,valley,0.0,0.0,14.0,0.0,0.0,190.0,HO_7,383588N1228706W001,DWR,9,10,25.896916363636365,,,216.173304,199.3300018310547,199.3300018310547,199.3300018310547,149.3300018310547,0,0,1,3,387,152,0.3874,-0.1487,158.283340454,173.466003418,-15.182662964000002,15.182662964000002,15.182662964000002,16.843302168945314,,,"valley, |residual| > 10 m"
HO_8,valley,16.0,18.0,14.0,113.0,181.0,231.0,HO_8,383998N1228713W001,DWR,9,10,7.516368,,,50.103024,53.7400016784668,33.7400016784668,-34.65999984741211,-84.65999603271484,1,1,1,1,372,152,0.2233,-0.3737,51.4712944031,45.9676017761,5.503692627000007,5.503692627000007,5.503692627000007,3.636977678466799,,,"valley, |residual| = 5-10 m"
HO_9,valley,16.0,0.0,14.0,0.0,181.0,231.0,HO_9,384111N1228448W001,DWR,8,3,4.887883636363636,17.6784,23.1648,56.96712,54.27000045776367,54.27000045776367,-165.72999572753906,-215.72999572753903,0,1,1,2,368,159,0.0319,0.3324,46.9916877747,49.3246002197,-2.332912445000005,2.332912445000005,2.332912445000005,2.6971195422363294,36.591600457763676,31.105200457763672,"valley, |residual| <= 5 m"
HO_10,valley,16.0,0.0,14.0,0.0,181.0,231.0,HO_10,384351N1228597W001,DWR,9,10,19.25066,,,67.34555999999999,67.19000244140625,67.19000244140625,-53.90999603271485,-103.90999603271484,0,1,1,2,359,155,0.1621,-0.0172,40.0399780273,48.4550018311,-8.415023803799997,8.415023803799997,8.415023803799997,0.15555755859374187,,,"valley, |residual| = 5-10 m"
HO_11,valley,16.0,18.0,14.0,113.0,181.0,231.0,HO_11,384505N1228683W001,DWR,8,3,8.93064,60.0456,68.58,60.255912,49.040000915527344,29.040000915527344,-69.26000213623047,-119.26000213623048,1,1,1,2,353,152,0.4698,0.4727,45.6654968262,40.0979003906,5.567596435599995,5.567596435599995,5.567596435599995,11.215911084472658,-11.005599084472657,-19.539999084472655,"valley, |residual| = 5-10 m"
HO_12,valley,16.0,18.0,14.0,125.0,168.0,229.0,HO_12,009N009W20E002M,NWIS,49,4,5.516655607361964,,9.144,32.30880000000001,25.6299991607666,5.629999160766602,-14.370000839233398,-64.37000274658203,1,1,1,1,293,147,-0.4371,0.1376,26.5070838928,19.3255996704,7.181484222400002,7.181484222400002,7.181484222400002,6.678800839233411,,16.485999160766603,"valley, |residual| = 5-10 m"
HO_13,valley,14.0,18.0,14.0,88.0,180.0,231.0,HO_13,008N009W20N001M,NWIS,1,8,4.913376,,27.432,20.4216,17.25,-2.75,-22.75,-52.75,1,1,1,2,329,147,-0.4893,0.0111,11.9562225342,12.3366003036,-0.380377769399999,0.380377769399999,0.380377769399999,3.1716000000000015,,-10.181999999999999,"valley, |residual| <= 5 m"
HO_14,upland,0.0,0.0,14.0,0.0,0.0,196.0,HO_14,009N010W34M001M,NWIS,1,8,37.341048,33.528,51.2064,417.8808,362.2300109863281,362.2300109863281,362.2300109863281,312.2300109863281,0,0,1,3,304,125,0.0966,-0.4624,326.903839111,324.889007568,2.014831543000014,2.014831543000014,2.014831543000014,55.6507890136719,328.7020109863281,311.0236109863281,upland
HO_15,upland,19.0,0.0,14.0,0.0,153.0,193.0,HO_15,008N011W27N001M,NWIS,1,7,5.145024,3.3528,9.144,19.2024,18.63999938964844,18.63999938964844,-0.0914779603481292,-50.09147644042969,0,1,1,2,334,94,-0.4938,-0.0975,21.1727104187,13.4949998856,7.677710533099999,7.677710533099999,7.677710533099999,0.5624006103515597,15.28719938964844,9.495999389648441,upland
HO_16,valley,16.0,0.0,14.0,0.0,168.0,229.0,HO_16,386493N1228910W001,DWR,14,3,5.7363360000000005,,,64.004952,65.52999877929688,65.52999877929688,-154.47000122070312,-204.47000122070312,0,1,1,2,280,146,-0.0635,-0.2245,49.3508071899,62.0402984619,-12.689491271999998,12.689491271999998,12.689491271999998,1.525046779296872,,,"valley, |residual| > 10 m"
HO_17,valley,14.0,18.0,14.0,88.0,180.0,231.0,HO_17,385004N1229008W001,DWR,2367,10,13.087635169443317,6.096,7.62,19.29384,17.15999984741211,-64.54000091552734,-84.54000091552734,-114.54000091552734,1,1,1,1,337,144,-0.3118,-0.4852,8.30569458008,3.98280000687,4.322894573210001,4.322894573210001,4.322894573210001,2.13384015258789,11.06399984741211,9.539999847412108,"valley, |residual| <= 5 m"
HO_18,valley,16.0,18.0,14.0,111.0,161.0,225.0,HO_18,009N008W17L001M,NWIS,1,8,25.08504,18.288,60.96,63.3984,49.47999954223633,29.479999542236328,-147.6199951171875,-197.6199951171875,1,1,1,2,289,180,-0.4858,-0.4281,41.7027893066,24.3950004578,17.307788848800005,17.307788848800005,17.307788848800005,13.918400457763674,31.191999542236328,-11.480000457763673,"valley, |residual| > 10 m"
HO_19,valley,14.0,18.0,14.0,82.0,159.0,225.0,HO_19,009N008W19A001M,NWIS,1,6,6.61416,6.096,15.24,45.415200000000006,44.04999923706055,24.049999237060547,4.049999237060547,-25.950000762939453,1,1,1,1,291,177,0.2332,-0.1701,40.8269348145,37.435798645,3.391136169500001,3.391136169500001,3.391136169500001,1.365200762939459,37.95399923706054,28.809999237060545,"valley, |residual| <= 5 m"
HO_20,valley,16.0,17.0,14.0,130.0,179.0,230.0,HO_20,008N009W22E001M,NWIS,45,4,4.966620750000001,,13.716,21.33600000000001,22.13999938964844,11.158082008361816,-164.4600067138672,-214.4600067138672,1,1,1,2,325,158,0.117,-0.1679,20.4429683685,18.198600769,2.244367599500002,2.244367599500002,2.244367599500002,0.8039993896484319,,8.423999389648442,"valley, |residual| <= 5 m"
HO_21,valley,0.0,0.0,14.0,0.0,0.0,208.0,HO_21,009N009W22M001M,NWIS,1,7,5.428488,,29.8704,33.2232,44.52999877929688,44.52999877929688,44.52999877929688,-5.470001220703125,0,0,1,3,293,157,0.42,-0.0683,30.803735733,39.1015014648,-8.297765731800002,8.297765731800002,8.297765731800002,11.306798779296884,,14.659598779296882,"valley, |residual| = 5-10 m"
HO_22,valley,16.0,18.0,14.0,87.0,171.0,230.0,HO_22,009N009W21R001M,NWIS,1,9,8.41248,,30.48,27.1272,23.899999618530277,-6.168562412261963,-196.1000061035156,-246.1000061035156,1,1,1,2,295,156,0.0147,-0.4443,23.3969726562,15.4875001907,7.909472465499999,7.909472465499999,7.909472465499999,3.2272003814697214,,-6.580000381469723,"valley, |residual| = 5-10 m"
HO_23,valley,16.0,18.0,14.0,87.0,179.0,230.0,HO_23,385214N1228597W001,DWR,1786,9,7.978927570469799,,12.192,20.84606478882336,22.459999084472656,2.459999084472656,-98.23999786376952,-148.24000549316406,1,1,1,1,327,155,0.2422,-0.0659,13.9335212708,14.4813995361,-0.5478782652999996,0.5478782652999996,0.5478782652999996,1.6139342956492975,,10.267999084472656,"valley, |residual| <= 5 m"
HO_24,valley,16.0,18.0,14.0,87.0,179.0,230.0,HO_24,385320N1228578W001,DWR,1939,10,6.297956680875357,,59.436,19.01952,18.90999984741211,-1.0900001525878906,-84.59000396728516,-134.58999633789062,1,1,1,2,323,155,0.3207,0.4802,15.5468673706,12.5923995972,2.9544677733999993,2.9544677733999993,2.9544677733999993,0.1095201525878906,,-40.52600015258789,"valley, |residual| <= 5 m"
HO_25,valley,16.0,18.0,14.0,87.0,179.0,230.0,HO_25,385363N1228583W001,DWR,1554,6,7.319661760745487,17.3736,20.4216,20.25700799999999,18.920000076293945,-1.079999923706055,-86.18000030517578,-136.17999267578125,1,1,1,1,322,155,-0.2695,0.3325,15.8335752487,11.5967998505,4.236775398200001,4.236775398200001,4.236775398200001,1.337007923706043,1.5464000762939456,-1.5015999237060562,"valley, |residual| <= 5 m"
HO_26,valley,16.0,18.0,14.0,87.0,179.0,230.0,HO_26,385363N1228583W002,DWR,1763,8,8.106961995015578,80.772,86.86800000000001,20.257007999999992,18.920000076293945,-1.079999923706055,-86.18000030517578,-136.17999267578125,1,1,1,2,322,155,-0.2695,0.3325,15.8787221909,10.7189998627,5.159722328199999,5.159722328199999,5.159722328199999,1.3370079237060466,-61.85199992370606,-67.94799992370606,"valley, |residual| = 5-10 m"
HO_27,valley,14.0,18.0,14.0,87.0,169.0,230.0,HO_27,385607N1228573W001,DWR,74,12,7.741801246753247,,14.0208,24.62479200000001,19.020000457763672,-0.979999542236328,-20.979999542236328,-50.97999954223633,1,1,1,1,313,156,-0.2983,-0.3786,16.7140922546,11.2937002182,5.420392036400001,5.420392036400001,5.420392036400001,5.604791542236338,,4.999200457763672,"valley, |residual| = 5-10 m"
HO_28,valley,14.0,18.0,14.0,128.0,169.0,230.0,HO_28,385678N1228595W001,DWR,88,3,6.844233758241758,,11.8872,24.335231999999998,25.280000686645508,5.280000686645508,-14.719999313354492,-44.720001220703125,1,1,1,1,310,155,0.0777,-0.0293,18.2933635712,18.4356002808,-0.1422367095999988,0.1422367095999988,0.1422367095999988,0.9447686866455101,,13.392800686645508,"valley, |residual| <= 5 m"
HO_29,valley,14.0,18.0,14.0,87.0,169.0,230.0,HO_29,385679N1228529W001,DWR,87,3,7.609873866666668,,11.8872,25.496520000000004,19.059999465942383,-0.9400005340576172,-20.940000534057617,-50.94000244140625,1,1,1,1,310,157,0.0248,-0.1082,17.4746665955,11.4598999023,6.0147666932,6.0147666932,6.0147666932,6.436520534057621,,7.172799465942383,"valley, |residual| = 5-10 m"
HO_30,valley,16.0,18.0,14.0,125.0,168.0,229.0,HO_30,385921N1228697W001,DWR,40,4,6.404658227848102,,16.154400000000003,27.227784,28.0,8.0,-41.70000076293945,-91.6999969482422,1,1,1,1,301,152,0.0963,-0.0087,25.7907333374,21.2189998627,4.5717334747,4.5717334747,4.5717334747,0.7722160000000002,,11.845599999999997,"valley, |residual| <= 5 m"
HO_31,valley,16.0,0.0,14.0,0.0,168.0,229.0,HO_31,386426N1228818W001,DWR,16,3,42.01684042105264,,60.3504,80.72628000000003,59.84999847412109,59.84999847412109,-113.8499984741211,-163.85000610351562,0,1,1,2,282,148,0.411,0.4626,41.2052383423,17.6492996216,23.5559387207,23.5559387207,23.5559387207,20.876281525878944,,-0.5004015258789138,"valley, |residual| > 10 m"
HO_32,valley,16.0,0.0,14.0,0.0,161.0,225.0,HO_32,385996N1227481W001,DWR,10,3,90.111072,,,102.937056,100.1999969482422,100.1999969482422,-119.8000030517578,-169.8000030517578,0,1,1,2,298,187,0.2488,0.2763,41.8067474365,10.0888996124,31.717847824099998,31.717847824099998,31.717847824099998,2.7370590517577966,,,"valley, |residual| > 10 m"
HO_33,valley,16.0,18.0,14.0,111.0,161.0,225.0,HO_33,386104N1227706W001,DWR,16,4,13.561060000000005,,62.1792,48.993552,44.93999862670898,24.939998626708984,-157.66000366210938,-207.66000366210935,1,1,1,2,294,181,0.2712,-0.2579,41.7133407593,31.2621002197,10.451240539600004,10.451240539600004,10.451240539600004,4.053553373291024,,-17.239201373291024,"valley, |residual| > 10 m"
HO_34,valley,16.0,18.0,14.0,82.0,161.0,225.0,HO_34,386350N1227869W001,DWR,47,4,4.219377931034483,67.056,145.0848,48.74056800000001,51.43000030517578,31.43000030517578,-117.87000274658205,-167.8699951171875,1,1,1,2,285,176,0.1835,-0.0095,41.6067314148,47.2574996948,-5.650768280000001,5.650768280000001,5.650768280000001,2.689432305175771,-15.625999694824216,-93.65479969482422,"valley, |residual| = 5-10 m"
HO_35,valley,16.0,0.0,14.0,0.0,161.0,225.0,HO_35,386389N1227710W001,DWR,50,3,42.883420363636354,33.8328,76.5048,81.57667200000003,82.80000305175781,82.80000305175781,-137.1999969482422,-187.1999969482422,0,1,1,2,284,181,-0.2753,-0.3933,41.7327232361,39.2464981079,2.4862251281999974,2.4862251281999974,2.4862251281999974,1.223331051757782,48.967203051757814,6.2952030517578095,"valley, |residual| <= 5 m"
HO_36,valley,14.0,18.0,14.0,88.0,180.0,231.0,HO_36,385038N1228843W001,DWR,2065,1,9.495697858446364,,22.555200000000003,14.380464000000003,8.229599952697754,8.229599952697754,-2.809999465942383,-109.90999603271484,0,1,1,3,334,148,-0.2381,-0.2058,9.8297996521,-1.40929996967,11.23909962177,11.23909962177,11.23909962177,6.15086404730225,,-14.325600047302249,"valley, |residual| > 10 m"
HO_37,valley,14.0,18.0,14.0,88.0,180.0,231.0,HO_37,385133N1228686W001,DWR,2023,1,8.484628653929867,14.3256,26.5176,21.134832000000007,18.809999465942383,-1.1900005340576172,-21.190000534057617,-51.19000244140625,1,1,1,2,330,152,0.242,0.3523,11.9362545013,10.1444997787,1.7917547226000003,1.7917547226000003,1.7917547226000003,2.3248325340576237,4.484399465942383,-7.707600534057619,"valley, |residual| <= 5 m"
HO_38,valley,15.0,17.0,14.0,121.0,176.0,225.0,HO_38,386178N1226833W001,DWR,10,5,2.8278406153846154,6.096,48.768,133.770624,132.61000061035156,122.61000061035156,75.70999908447266,25.71000099182129,1,1,1,2,291,206,0.4676,0.0677,127.322952271,130.68119812,-3.3582458489999993,3.3582458489999993,3.3582458489999993,1.1606233896484355,126.51400061035156,83.84200061035156,"valley, |residual| <= 5 m"
HO_39,valley,14.0,18.0,14.0,117.0,172.0,224.0,HO_39,386391N1226892W001,DWR,14,11,6.617925176470588,,,132.86232,129.77999877929688,88.08000183105469,68.08000183105469,38.07999801635742,1,1,1,1,284,204,-0.4309,0.3364,126.151672363,122.097099304,4.054573059000006,4.054573059000006,4.054573059000006,3.082321220703136,,,"valley, |residual| <= 5 m"
HO_40,valley,15.0,17.0,14.0,29.0,68.0,107.0,HO_40,010N009W18B001M,NWIS,36,10,5.842000000000001,,54.2544,70.10400000000003,70.1500015258789,54.4991455078125,41.45000076293945,-8.54999828338623,1,1,1,3,253,144,0.0099,0.2711,62.9501075745,64.1488037109,-1.1986961363999953,1.1986961363999953,1.1986961363999953,0.046001525878878624,,15.89560152587891,"valley, |residual| <= 5 m"
HO_41,valley,15.0,18.0,14.0,28.0,68.0,107.0,HO_41,010N009W18P001M,NWIS,1,9,5.73024,,36.576,64.00800000000001,64.18000030517578,44.18000030517578,-71.62000274658203,-121.62000274658205,1,1,1,2,257,142,0.2733,0.1496,60.6356811523,58.449798584,2.185882568300002,2.185882568300002,2.185882568300002,0.17200030517577147,,27.60400030517578,"valley, |residual| <= 5 m"
HO_42,upland,0.0,0.0,14.0,0.0,0.0,94.0,HO_42,010N010W14R001M,NWIS,1,8,21.448776,,42.9768,117.348,114.61000061035156,114.61000061035156,114.61000061035156,64.61000061035156,0,0,1,3,257,135,0.2492,-0.1602,94.5180206299,93.1612014771,1.3568191528,1.3568191528,1.3568191528,2.7379993896484365,,71.63320061035157,upland
HO_43,valley,16.0,18.0,14.0,123.0,165.0,228.0,HO_43,010N010W26M001M,NWIS,50,4,3.541449428571429,,5.486400000000001,48.76800000000001,45.900001525878906,15.900001525878906,-99.6999969482422,-149.6999969482422,1,1,1,1,268,130,-0.08,-0.1283,46.7595901489,41.6590003967,5.100589752200001,5.100589752200001,5.100589752200001,2.8679984741211015,,40.4136015258789,"valley, |residual| = 5-10 m"
HO_44,upland,0.0,0.0,14.0,0.0,0.0,206.0,HO_44,010N010W34R001M,NWIS,1,7,20.659344000000004,,109.728,84.73440000000001,93.37999725341795,93.37999725341795,93.37999725341795,43.37999725341797,0,0,1,3,274,129,-0.3901,0.4958,50.6439628601,66.6428985596,-15.998935699500002,15.998935699500002,15.998935699500002,8.645597253417947,,-16.34800274658204,upland
HO_45,valley,15.0,18.0,14.0,122.0,162.0,227.0,HO_45,010N010W22D001M,NWIS,4,9,3.182813309734513,,4.572,56.083200000000026,58.45000076293945,38.45000076293945,-125.6500015258789,-175.64999389648438,1,1,1,1,259,125,0.3948,-0.4472,51.4493560791,54.8152999878,-3.365943908700004,3.365943908700004,3.365943908700004,2.3668007629394268,,53.87800076293945,"valley, |residual| <= 5 m"
HO_46,valley,14.0,17.0,14.0,29.0,36.0,107.0,HO_46,011N010W08P001M,NWIS,50,4,4.434740065573771,2.4384,8.5344,90.8304,95.62000274658205,81.62000274658203,61.62000274658203,31.62000274658203,1,1,1,1,221,115,0.0736,-0.1097,87.0056991577,91.1350021362,-4.129302978500007,4.129302978500007,4.129302978500007,4.789602746582048,93.18160274658204,87.08560274658204,"valley, |residual| <= 5 m"
HO_47,valley,14.0,17.0,14.0,29.0,49.0,107.0,HO_47,011N010W19F002M,NWIS,40,10,2.197326104046243,,100.584,103.63200000000002,102.55999755859376,84.36000061035156,64.36000061035156,34.3599967956543,1,1,1,3,229,110,-0.3239,-0.0151,101.112281799,100.721298218,0.3909835810000004,0.3909835810000004,0.3909835810000004,1.072002441406255,,1.975997558593761,"valley, |residual| <= 5 m"
HO_48,upland,0.0,0.0,14.0,0.0,0.0,194.0,HO_48,011N011W15E001M,NWIS,1,7,14.145768,18.288,48.768,349.91040000000004,316.010009765625,316.010009765625,316.010009765625,266.010009765625,0,0,1,3,223,92,-0.265,-0.3449,275.715087891,303.37600708,-27.660919189000026,27.660919189000026,27.660919189000026,33.90039023437504,297.722009765625,267.24200976562497,upland
HO_49,valley,15.0,18.0,14.0,122.0,143.0,227.0,HO_49,387059N1229679W001,DWR,17,3,5.1186588,,,58.03392000000001,54.65999984741211,24.65999984741211,-65.34000396728516,-115.34000396728516,1,1,1,1,259,123,0.0412,0.4641,51.9381790161,49.4388008118,2.499378204300001,2.499378204300001,2.499378204300001,3.3739201525878997,,,"valley, |residual| <= 5 m"
HO_50,valley,16.0,18.0,14.0,122.0,162.0,227.0,HO_50,387076N1229635W001,DWR,7,3,5.245608000000001,,,59.198256,66.95999908447266,36.959999084472656,-118.73999786376952,-168.74000549316406,1,1,1,1,258,125,0.3997,-0.2548,51.7108154297,61.6086006165,-9.8977851868,9.8977851868,9.8977851868,7.761743084472656,,,"valley, |residual| = 5-10 m"
HO_51,valley,14.0,18.0,14.0,9.0,36.0,79.0,HO_51,387816N1229871W001,DWR,8,4,4.322895272727274,,6.096,83.70112800000003,90.6999969482422,70.69999694824219,50.69999694824219,20.699996948242188,1,1,1,1,231,118,0.0288,-0.0979,80.6750030518,86.1748962402,-5.499893188399994,5.499893188399994,5.499893188399994,6.998868948242176,,84.6039969482422,"valley, |residual| = 5-10 m"
HO_52,valley,14.0,17.0,14.0,29.0,36.0,107.0,HO_52,388016N1229966W001,DWR,17,3,5.8265568000000005,,30.48,89.15400000000001,91.2300033569336,77.2300033569336,57.2300033569336,27.230003356933597,1,1,1,2,224,115,-0.3706,0.158,85.7584075928,85.2498016357,0.5086059571000021,0.5086059571000021,0.5086059571000021,2.076003356933583,,60.75000335693359,"valley, |residual| <= 5 m"
HO_53,valley,14.0,18.0,14.0,9.0,36.0,107.0,HO_53,011N010W17P002M,DWR,18,4,3.97256,,9.7536,89.916,86.7699966430664,66.7699966430664,46.769996643066406,16.769996643066406,1,1,1,1,227,114,0.0353,0.3114,83.833480835,82.7974014282,1.036079406799999,1.036079406799999,1.036079406799999,3.1460033569335906,,77.0163966430664,"valley, |residual| <= 5 m"
HO_54,valley,15.0,18.0,14.0,114.0,156.0,223.0,HO_54,387131N1228855W001,DWR,10,5,12.614734153846156,5.1816,29.5656,65.49237600000002,68.83999633789062,48.83999633789063,28.839996337890625,-21.16000366210937,1,1,1,1,256,147,0.3563,0.3431,57.5317344666,55.9030990601,1.6286354065000026,1.6286354065000026,1.6286354065000026,3.3476203378906035,63.65839633789062,39.27439633789062,"valley, |residual| <= 5 m"
HO_55,valley,19.0,0.0,14.0,0.0,67.0,79.0,HO_55,387321N1229135W001,DWR,11,11,4.742688,,28.651200000000003,75.25512000000002,79.94999694824219,79.94999694824219,72.75,22.74999618530273,0,1,1,3,249,139,0.3122,0.2223,77.6875915527,75.2072982788,2.4802932739000028,2.4802932739000028,2.4802932739000028,4.694876948242168,,51.298796948242185,"valley, |residual| <= 5 m"
HO_56,valley,15.0,18.0,14.0,80.0,156.0,223.0,HO_56,383679N1228545W001,DWR,9,11,4.90093,18.288,42.672,54.85485600000001,52.04999923706055,-8.794353485107422,-167.9499969482422,-217.9499969482422,1,1,1,1,269,156,0.041,0.3555,50.8319702148,47.1085014343,3.7234687804999993,3.7234687804999993,3.7234687804999993,2.8048567629394654,33.76199923706055,9.37799923706055,"valley, |residual| <= 5 m"
HO_57,valley,16.0,18.0,14.0,114.0,157.0,223.0,HO_57,383722N1228224W001,DWR,14,3,6.387890823529411,24.384,91.44,56.122824,55.81999969482422,35.81999969482422,-164.1800079345703,-214.1800079345703,1,1,1,2,271,166,0.4336,-0.3388,53.0176849365,49.3316993713,3.6859855651999993,3.6859855651999993,3.6859855651999993,0.3028243051757826,31.43599969482422,-35.62000030517578,"valley, |residual| <= 5 m"
HO_58,valley,15.0,18.0,14.0,82.0,160.0,225.0,HO_58,386555N1228058W001,DWR,46,4,8.725814399999999,15.27048,80.43672,52.43474400000001,48.34999847412109,28.349998474121094,-54.45000076293945,-104.45000457763672,1,1,1,2,278,170,-0.3869,0.4912,43.5638847351,39.6155014038,3.9483833312999934,3.9483833312999934,3.9483833312999934,4.0847455258789225,33.07951847412109,-32.08672152587891,"valley, |residual| <= 5 m"
HO_59,valley,15.0,17.0,14.0,121.0,160.0,225.0,HO_59,386609N1228132W001,DWR,44,4,11.189335,26.8224,32.9184,58.20155999999999,53.4900016784668,43.4900016784668,-90.70999908447266,-140.70999145507812,1,1,1,2,276,168,-0.3798,0.3409,44.3717308044,42.3266983032,2.045032501200005,2.045032501200005,2.045032501200005,4.711558321533197,26.6676016784668,20.5716016784668,"valley, |residual| <= 5 m"
HO_60,valley,16.0,18.0,14.0,114.0,157.0,223.0,HO_60,386656N1228540W001,DWR,8,11,3.974592,48.768,67.056,52.76697600000001,52.13999938964844,32.13999938964844,-32.27799606323242,-82.27799987792969,1,1,1,2,274,157,-0.0875,-0.4868,51.1581764221,48.1654014587,2.992774963399995,2.992774963399995,2.992774963399995,0.6269766103515693,3.371999389648437,-14.91600061035156,"valley, |residual| <= 5 m"
HO_61,valley,16.0,18.0,14.0,114.0,157.0,223.0,HO_61,386767N1228670W001,DWR,49,4,4.3082633333333336,25.2984,29.8704,54.63844799999999,53.0099983215332,33.0099983215332,-43.56065368652344,-93.56065368652344,1,1,1,2,270,153,-0.1967,-0.2702,52.2446670532,48.3185997009,3.926067352299995,3.926067352299995,3.926067352299995,1.6284496784667866,27.711598321533202,23.139598321533203,"valley, |residual| <= 5 m"
HO_62,valley,16.0,17.0,14.0,116.0,157.0,223.0,HO_62,386846N1228291W001,DWR,45,4,3.738698571428571,,12.192,63.898272000000006,62.72999954223633,52.72999954223633,-157.27000427246094,-207.2700042724609,1,1,1,2,267,164,-0.137,-0.2866,59.3682823181,59.1366996765,0.2315826415999993,0.2315826415999993,0.2315826415999993,1.1682724577636776,,50.53799954223633,"valley, |residual| <= 5 m"
HO_63,valley,16.0,18.0,14.0,80.0,157.0,223.0,HO_63,386909N1228512W001,DWR,7,10,4.803648000000001,,24.0792,63.24295200000002,58.68000030517578,38.68000030517578,-161.3199920654297,-211.3199920654297,1,1,1,2,265,157,-0.4499,0.3164,54.3948020935,53.5018997192,0.8929023743000002,0.8929023743000002,0.8929023743000002,4.5629516948242355,,34.60080030517578,"valley, |residual| <= 5 m"
HO_64,upland,0.0,0.0,14.0,0.0,0.0,76.0,HO_64,012N011W20A001M,NWIS,1,7,38.95344,,,381.9144,352.07000732421875,352.07000732421875,352.07000732421875,302.07000732421875,0,0,1,3,195,84,-0.4973,0.2422,336.479431152,313.116607666,23.362823486000025,23.362823486000025,23.362823486000025,29.84439267578125,,,upland
HO_65,valley,14.0,18.0,14.0,6.0,64.0,105.0,HO_65,013N011W19H002M,NWIS,1,7,7.13232,,12.192,147.2184,145.64999389648438,125.64999389648438,105.64999389648438,75.64999389648438,1,1,1,1,161,84,-0.128,-0.3773,145.094573975,138.517700195,6.57687378,6.57687378,6.57687378,1.5684061035156276,,133.45799389648437,"valley, |residual| = 5-10 m"
HO_66,upland,0.0,0.0,14.0,0.0,0.0,97.0,HO_66,013N011W31L001M,NWIS,1,7,11.06424,18.288,60.96,347.16720000000004,348.54998779296875,348.54998779296875,348.54998779296875,298.54998779296875,0,0,1,3,172,81,0.2432,-0.0466,337.314086914,337.485687256,-0.17160034200003338,0.17160034200003338,0.17160034200003338,1.3827877929687133,330.26198779296874,287.58998779296877,upland
HO_67,valley,14.0,18.0,14.0,6.0,64.0,105.0,HO_67,013N011W18E001M,NWIS,39,10,3.641378440677967,,15.8496,152.0877608135593,151.9199981689453,131.9199981689453,111.91999816894533,81.91999816894531,1,1,1,1,155,80,-0.3216,-0.156,150.82611084,147.630706787,3.1954040530000043,3.1954040530000043,3.1954040530000043,0.16776264461398682,,136.0703981689453,"valley, |residual| <= 5 m"
HO_68,valley,19.0,0.0,14.0,0.0,46.0,97.0,HO_68,389661N1231206W001,DWR,30,3,3.3420858181818187,17.492472,23.411688,152.68956,152.86000061035156,152.86000061035156,145.66000366210938,95.66000366210938,0,1,1,3,163,79,-0.2386,0.3402,145.377792358,149.403198242,-4.025405884000008,4.025405884000008,4.025405884000008,0.17044061035156233,135.36752861035157,129.44831261035156,"valley, |residual| <= 5 m"
HO_69,valley,14.0,18.0,14.0,6.0,64.0,105.0,HO_69,389722N1231033W001,DWR,31,3,4.5255628235294125,7.476744000000001,13.231368,148.873464,145.64999389648438,125.64999389648438,105.64999389648438,75.64999389648438,1,1,1,1,161,84,-0.4889,0.3386,145.385437012,140.98840332,4.397033692000008,4.397033692000008,4.397033692000008,3.2234701035156377,138.17324989648438,132.41862589648437,"valley, |residual| <= 5 m"
HO_70,valley,14.0,18.0,14.0,6.0,64.0,105.0,HO_70,389722N1231033W002,DWR,31,3,5.382678352941177,17.535144000000003,20.574,148.873464,145.64999389648438,125.64999389648438,105.64999389648438,75.64999389648438,1,1,1,1,161,84,-0.4889,0.3386,145.385437012,140.142196655,5.243240357000019,5.243240357000019,5.243240357000019,3.2234701035156377,128.11484989648437,125.07599389648438,"valley, |residual| = 5-10 m"
HO_71,upland,0.0,0.0,14.0,0.0,0.0,78.0,HO_71,012N009W32P001M,NWIS,1,8,17.535144000000003,9.144,51.816,571.1952,552.8099975585938,552.8099975585938,552.8099975585938,502.80999755859375,0,0,1,3,211,146,-0.224,-0.0904,550.142456055,535.274780273,14.867675781999992,14.867675781999992,14.867675781999992,18.38520244140625,543.6659975585937,500.9939975585937,upland
HO_72,valley,19.0,0.0,14.0,0.0,46.0,76.0,HO_72,013N011W15R001M,NWIS,1,3,18.288,,71.628,257.25120000000004,247.00999450683597,247.00999450683597,239.80999755859372,197.00999450683597,0,1,1,3,158,100,0.088,0.452,244.859375,228.722000122,16.137374878000003,16.137374878000003,16.137374878000003,10.241205493164074,,175.38199450683595,"valley, |residual| > 10 m"
HO_73,upland,0.0,0.0,14.0,0.0,0.0,76.0,HO_73,013N011W15H001M,NWIS,19,4,2.8939957894736845,7.315200000000001,10.3632,236.95152,244.75,244.75,244.75,194.75,0,0,1,3,154,99,0.3886,0.4114,248.548828125,241.856002808,6.6928253170000005,6.6928253170000005,6.6928253170000005,7.798480000000012,237.4348,234.3868,upland
HO_74,valley,19.0,0.0,14.0,0.0,46.0,76.0,HO_74,013N011W15Q003M,NWIS,1,7,5.708904,,,225.2472,222.1499938964844,222.1499938964844,214.9499969482422,172.14999389648438,0,1,1,2,157,99,0.4708,0.1691,221.684112549,216.441101074,5.243011475000003,5.243011475000003,5.243011475000003,3.097206103515589,,,"valley, |residual| = 5-10 m"
HO_75,valley,19.0,0.0,14.0,0.0,46.0,76.0,HO_75,013N011W15Q002M,NWIS,16,7,1.0501256470588236,,22.86,221.8944,222.1499938964844,222.1499938964844,214.9499969482422,172.14999389648438,0,1,1,3,157,99,0.4707,0.0889,223.875411987,221.085998535,2.7894134520000193,2.7894134520000193,2.7894134520000193,0.2555938964844131,,199.28999389648442,"valley, |residual| <= 5 m"
HO_76,upland,0.0,0.0,14.0,0.0,0.0,76.0,HO_76,013N011W15G001M,NWIS,22,7,1.809044444444445,,20.45208,257.93395200000003,254.07000732421875,254.07000732421875,254.07000732421875,204.07000732421875,0,0,1,3,155,99,-0.3034,0.0905,242.181747437,252.210205078,-10.028457640999989,10.028457640999989,10.028457640999989,3.8639446757812834,,233.61792732421875,upland
HO_77,valley,19.0,0.0,14.0,0.0,46.0,76.0,HO_77,013N011W22B001M,NWIS,15,1,3.255103578947369,,15.8496,232.5624,232.91000366210935,232.91000366210935,225.7100067138672,182.91000366210935,0,1,1,3,159,99,0.0119,0.0078,229.171218872,229.772399902,-0.6011810299999922,0.6011810299999922,0.6011810299999922,0.3476036621093499,,217.06040366210934,"valley, |residual| <= 5 m"
HO_78,valley,19.0,0.0,14.0,0.0,46.0,76.0,HO_78,013N011W22B002M,NWIS,9,2,2.071116,,13.4112,231.34320000000008,232.91000366210935,232.91000366210935,225.7100067138672,182.91000366210935,0,1,1,3,159,99,0.4228,-0.0727,227.412734985,231.814804077,-4.402069092000005,4.402069092000005,4.402069092000005,1.5668036621092654,,219.49880366210934,"valley, |residual| <= 5 m"
HO_79,valley,0.0,0.0,14.0,0.0,0.0,76.0,HO_79,013N011W22G001M,NWIS,10,2,3.5870270769230777,6.7056,18.8976,229.8192,230.2100067138672,230.2100067138672,230.2100067138672,180.2100067138672,0,0,1,3,160,99,-0.4745,-0.1529,226.185775757,226.910903931,-0.7251281740000195,0.7251281740000195,0.7251281740000195,0.39080671386719246,223.50440671386718,211.31240671386718,"valley, |residual| <= 5 m"
HO_80,upland,0.0,0.0,14.0,0.0,0.0,76.0,HO_80,013N011W15B001M,NWIS,5,7,22.534473600000005,,57.912000000000006,280.7208,244.75,244.75,244.75,194.75,0,0,1,3,154,99,-0.1255,-0.1496,241.663696289,222.215499878,19.448196410999998,19.448196410999998,19.448196410999998,35.9708,,186.838,upland
HO_81,valley,19.0,0.0,14.0,0.0,46.0,76.0,HO_81,013N011W15Q005M,NWIS,7,2,17.093184,,35.320224,237.5428320000001,222.1499938964844,222.1499938964844,214.9499969482422,172.14999389648438,0,1,1,3,157,99,0.1622,-0.3921,219.218048096,205.056793213,14.161254882999998,14.161254882999998,14.161254882999998,15.392838103515686,,186.8297698964844,"valley, |residual| > 10 m"
HO_82,valley,19.0,0.0,14.0,0.0,46.0,76.0,HO_82,013N011W15Q004M,NWIS,21,7,14.385398857142857,16.154400000000003,19.2024,231.98023200000003,213.67999267578125,213.67999267578125,206.47999572753903,156.47999572753906,0,1,1,3,157,98,-0.0436,0.1268,214.859207153,199.29460144,15.564605712999992,15.564605712999992,15.564605712999992,18.30023932421878,197.52559267578124,194.47759267578124,"valley, |residual| > 10 m"
HO_83,valley,19.0,0.0,14.0,0.0,46.0,76.0,HO_83,013N011W15L001M,NWIS,1,8,29.934408,,44.196000000000005,235.67136,224.8999938964844,224.8999938964844,217.6999969482422,167.6999969482422,0,1,1,3,156,98,0.2371,-0.0332,219.218429565,194.965606689,24.25282287600001,24.25282287600001,24.25282287600001,10.77136610351559,,180.7039938964844,"valley, |residual| > 10 m"
HO_84,valley,19.0,0.0,14.0,0.0,46.0,76.0,HO_84,013N011W15P001M,NWIS,22,7,2.4307800000000004,,5.300472,201.4728,198.47999572753903,198.47999572753903,191.27999877929688,141.27999877929688,0,1,1,2,158,97,-0.222,0.4846,202.338165283,196.049194336,6.288970946999996,6.288970946999996,6.288970946999996,2.9928042724609725,,193.17952372753902,"valley, |residual| = 5-10 m"
HO_85,valley,19.0,0.0,14.0,0.0,46.0,76.0,HO_85,013N011W15P002M,NWIS,14,7,27.03205885714286,,69.7992,231.38587199999992,194.5800018310547,194.5800018310547,187.3800048828125,137.3800048828125,0,1,1,3,157,97,0.0584,-0.0763,196.744277954,167.547897339,29.19638061500001,29.19638061500001,29.19638061500001,36.80587016894523,,124.78080183105469,"valley, |residual| > 10 m"
HO_86,valley,19.0,0.0,14.0,0.0,46.0,76.0,HO_86,013N011W15F001M,NWIS,3,6,0.245872,,1.8288,219.7608,225.6699981689453,225.6699981689453,216.63287353515625,166.63287353515625,0,1,1,2,154,97,0.3869,-0.2349,224.409454346,225.424102783,-1.0146484370000053,1.0146484370000053,1.0146484370000053,5.9091981689453235,,223.8411981689453,"valley, |residual| <= 5 m"
HO_87,upland,19.0,0.0,14.0,0.0,46.0,76.0,HO_87,013N011W15M001M,NWIS,12,7,19.86026,18.288,27.1272,257.43712800000003,249.92999267578125,249.92999267578125,242.1344757080078,192.1344757080078,0,1,1,3,156,96,-0.175,0.2829,224.005691528,230.069702148,-6.064010620000005,6.064010620000005,6.064010620000005,7.50713532421878,231.64199267578124,222.80279267578126,upland
HO_88,upland,19.0,0.0,14.0,0.0,46.0,76.0,HO_88,013N011W15M004M,NWIS,11,7,22.08691636363637,17.6784,35.9664,254.508,249.92999267578125,249.92999267578125,242.1344757080078,192.1344757080078,0,1,1,3,156,96,-0.175,0.2027,225.450469971,227.843093872,-2.3926239010000074,2.3926239010000074,2.3926239010000074,4.57800732421876,232.25159267578124,213.96359267578126,upland
HO_89,upland,19.0,0.0,14.0,0.0,46.0,76.0,HO_89,013N011W15M005M,NWIS,13,7,22.392014769230776,21.0312,39.3192,261.283704,249.92999267578125,249.92999267578125,242.1344757080078,192.1344757080078,0,1,1,3,156,96,-0.2778,0.1226,227.4453125,227.537994385,-0.09268188499999042,0.09268188499999042,0.09268188499999042,11.35371132421875,228.89879267578124,210.61079267578125,upland
HO_90,upland,19.0,0.0,14.0,0.0,46.0,76.0,HO_90,013N011W15M007M,NWIS,1,6,43.202352000000005,,86.86800000000001,232.56240000000005,189.8500061035156,189.8500061035156,182.65000915527344,132.65000915527344,0,1,1,3,157,96,-0.1478,-0.1188,188.077545166,146.647705078,41.42984008799999,41.42984008799999,41.42984008799999,42.71239389648446,,102.98200610351559,upland
HO_91,upland,19.0,0.0,14.0,0.0,46.0,76.0,HO_91,013N011W15M002M,NWIS,14,7,39.93990342857143,24.384,67.056,240.13972800000005,249.92999267578125,249.92999267578125,242.1344757080078,192.1344757080078,0,1,1,3,156,96,0.4412,-0.1185,206.927505493,209.990097046,-3.062591552999976,3.062591552999976,3.062591552999976,9.790264675781202,225.54599267578124,182.87399267578127,upland
HO_92,upland,19.0,0.0,14.0,0.0,46.0,76.0,HO_92,013N011W15M006M,NWIS,2,7,33.227772,,39.0144,232.955592,189.8500061035156,189.8500061035156,182.65000915527344,132.65000915527344,0,1,1,3,157,96,-0.148,-0.3594,182.437683105,156.622192383,25.815490721999993,25.815490721999993,25.815490721999993,43.1055858964844,,150.8356061035156,upland
HO_93,upland,19.0,0.0,14.0,0.0,46.0,76.0,HO_93,013N011W15M003M,NWIS,7,7,37.572696,18.288,48.768,233.760264,189.8500061035156,189.8500061035156,182.65000915527344,132.65000915527344,0,1,1,3,157,96,-0.4562,-0.3592,197.81590271,152.277297974,45.538604735999996,45.538604735999996,45.538604735999996,43.91025789648441,171.56200610351559,141.0820061035156,upland
HO_94,upland,19.0,0.0,14.0,0.0,46.0,76.0,HO_94,013N012W28B001M,NWIS,1,8,0.12192,,47.244,184.404,190.17999267578125,190.17999267578125,182.97999572753903,140.17999267578125,0,1,1,3,165,94,-0.4433,-0.0495,174.526138306,190.058105469,-15.53196716299999,15.53196716299999,15.53196716299999,5.775992675781254,,142.93599267578125,upland
HO_95,upland,14.0,18.0,14.0,26.0,45.0,93.0,HO_95,013N011W21L002M,NWIS,2,3,2.785872,,22.555200000000003,168.24960000000002,165.6300048828125,145.6300048828125,125.6300048828125,95.6300048828125,1,1,1,2,161,92,0.2676,0.429,156.30166626,162.930999756,-6.629333496000015,6.629333496000015,6.629333496000015,2.619595117187515,,143.0748048828125,upland
HO_96,upland,14.0,18.0,14.0,26.0,45.0,93.0,HO_96,013N011W21L003M,NWIS,1,8,52.48656,,,171.60240000000002,165.6300048828125,145.6300048828125,125.6300048828125,95.6300048828125,1,1,1,1,161,92,0.1646,0.1082,147.770095825,113.1434021,34.626693724999996,34.626693724999996,34.626693724999996,5.972395117187517,,,upland
HO_97,valley,16.0,17.0,14.0,27.0,65.0,105.0,HO_97,389812N1230889W001,DWR,30,3,2.1731316363636366,25.77084,31.528512,164.015928,160.32000732421875,150.32000732421875,47.32000732421875,-2.67999267578125,1,1,1,2,157,88,0.1864,0.4999,158.725311279,158.129196167,0.5961151120000068,0.5961151120000068,0.5961151120000068,3.6959206757812524,134.54916732421876,128.79149532421874,"valley, |residual| <= 5 m"
HO_98,valley,16.0,18.0,14.0,5.0,62.0,104.0,HO_98,014N012W23G001M,NWIS,2,6,5.725668000000001,,12.192,161.2392,158.7100067138672,138.7100067138672,118.7100067138672,68.71000671386719,1,1,1,1,129,73,-0.2244,-0.2523,158.89680481,152.984298706,5.912506103999988,5.912506103999988,5.912506103999988,2.5291932861328235,,146.51800671386718,"valley, |residual| = 5-10 m"
HO_99,valley,14.0,18.0,14.0,5.0,61.0,104.0,HO_99,014N012W14F001M,NWIS,2,3,8.48868,12.192,18.288,170.99280000000002,173.0800018310547,143.0800018310547,123.08000183105467,93.08000183105467,1,1,1,1,123,70,0.0168,-0.2068,161.01260376,164.833602905,-3.820999145000002,3.820999145000002,3.820999145000002,2.0872018310546707,160.88800183105468,154.79200183105468,"valley, |residual| <= 5 m"
HO_100,valley,16.0,17.0,14.0,25.0,62.0,104.0,HO_100,015N012W35D003M,NWIS,2,6,3.79476,,41.148,199.9488,194.16000366210935,184.16000366210935,21.2600040435791,-28.7399959564209,1,1,1,2,105,68,0.3227,0.4716,193.451324463,190.365203857,3.08612060599998,3.08612060599998,3.08612060599998,5.788796337890659,,153.01200366210935,"valley, |residual| <= 5 m"
HO_101,valley,16.0,18.0,14.0,5.0,62.0,104.0,HO_101,014N012W09A002M,NWIS,1,7,7.763256,,30.48,167.9448,166.50999450683594,146.50999450683594,61.20999526977539,11.209994316101074,1,1,1,2,116,63,0.4915,-0.3213,164.061416626,158.746704102,5.314712524000015,5.314712524000015,5.314712524000015,1.434805493164049,,136.02999450683595,"valley, |residual| = 5-10 m"
HO_102,valley,16.0,18.0,14.0,5.0,62.0,104.0,HO_102,014N012W09A003M,NWIS,1,2,5.308092,,30.7848,168.24960000000002,166.50999450683594,146.50999450683594,61.20999526977539,11.209994316101074,1,1,1,2,116,63,0.4401,-0.3693,164.080718994,160.160995483,3.919723511000001,3.919723511000001,3.919723511000001,1.7396054931640776,,135.72519450683595,"valley, |residual| <= 5 m"
HO_103,valley,16.0,18.0,14.0,4.0,59.0,103.0,HO_103,015N012W21C001M,NWIS,1,6,5.188712,4.572,10.9728,181.356,180.8000030517578,160.8000030517578,113.60000610351562,63.60000228881836,1,1,1,1,94,60,-0.1835,-0.3183,176.838378906,175.496505737,1.3418731689999959,1.3418731689999959,1.3418731689999959,0.555996948242182,176.2280030517578,169.8272030517578,"valley, |residual| <= 5 m"
HO_104,valley,16.0,17.0,14.0,25.0,62.0,104.0,HO_104,391031N1231649W001,DWR,3,10,7.500620000000001,9.144,32.004000000000005,178.914552,180.0399932861328,170.0399932861328,58.739994049072266,8.73999309539795,1,1,1,2,112,67,0.0619,-0.3726,173.556365967,170.152297974,3.4040679930000124,3.4040679930000124,3.4040679930000124,1.1254412861328262,170.8959932861328,148.0359932861328,"valley, |residual| <= 5 m"
HO_105,valley,16.0,17.0,14.0,25.0,62.0,104.0,HO_105,391046N1231647W001,DWR,2,4,9.7816416,9.144,30.48,179.277264,180.0399932861328,170.0399932861328,58.739994049072266,8.73999309539795,1,1,1,2,112,67,-0.4976,-0.3134,171.734115601,168.533798218,3.2003173830000264,3.2003173830000264,3.2003173830000264,0.7627292861328101,170.8959932861328,149.55999328613282,"valley, |residual| <= 5 m"
HO_106,valley,16.0,18.0,14.0,23.0,62.0,104.0,HO_106,391086N1231710W001,DWR,2,4,8.580119999999999,9.144,32.6136,175.723296,175.8800048828125,155.8800048828125,-22.019994735717773,-72.0199966430664,1,1,1,2,110,65,0.0264,-0.118,169.519729614,166.460205078,3.059524535999998,3.059524535999998,3.059524535999998,0.15670888281249518,166.7360048828125,143.2664048828125,"valley, |residual| <= 5 m"
HO_107,valley,16.0,18.0,14.0,23.0,62.0,104.0,HO_107,391096N1231677W001,DWR,50,10,7.678124651162791,6.096,33.8328,177.64353599999998,178.00999450683594,158.00999450683594,15.109994888305664,-34.89000701904297,1,1,1,1,110,66,-0.3417,-0.1634,169.433059692,170.016296387,-0.5832366950000107,0.5832366950000107,0.5832366950000107,0.36645850683595427,171.91399450683593,144.17719450683595,"valley, |residual| <= 5 m"
HO_108,valley,16.0,18.0,14.0,4.0,59.0,103.0,HO_108,391225N1231852W001,DWR,2,4,4.809744,9.144,18.288,176.381664,176.30999755859375,156.30999755859375,-0.4900024533271789,-50.4900016784668,1,1,1,1,105,61,-0.1049,-0.1971,172.508056641,170.800704956,1.707351684999992,1.707351684999992,1.707351684999992,0.07166644140625067,167.16599755859374,158.02199755859374,"valley, |residual| <= 5 m"
HO_109,valley,16.0,18.0,14.0,20.0,59.0,103.0,HO_109,391246N1231827W001,DWR,2,4,4.7810928,9.144,24.384,177.186336,177.39999389648438,147.39999389648438,60.79999542236328,10.799993515014648,1,1,1,1,104,62,0.0858,-0.4687,173.407485962,171.834396362,1.573089600000003,1.573089600000003,1.573089600000003,0.21365789648436362,168.25599389648437,153.01599389648436,"valley, |residual| <= 5 m"
HO_110,valley,16.0,18.0,14.0,20.0,59.0,103.0,HO_110,391252N1231822W001,DWR,3,10,5.876798,9.144,32.004000000000005,177.122328,177.39999389648438,147.39999389648438,60.79999542236328,10.799993515014648,1,1,1,1,104,62,-0.1344,-0.3208,174.07522583,170.791397095,3.283828734999986,3.283828734999986,3.283828734999986,0.2776658964843648,168.25599389648437,145.39599389648436,"valley, |residual| <= 5 m"
HO_111,valley,16.0,18.0,14.0,4.0,59.0,103.0,HO_111,391304N1231929W001,DWR,1,4,5.734050000000001,9.144,60.96,177.475896,176.94000244140625,146.94000244140625,1.6400024890899658,-48.3599967956543,1,1,1,2,102,59,-0.0462,-0.4038,175.136566162,170.697692871,4.4388732910000215,4.4388732910000215,4.4388732910000215,0.5358935585937559,167.79600244140624,115.98000244140624,"valley, |residual| <= 5 m"
HO_112,valley,16.0,18.0,14.0,4.0,59.0,103.0,HO_112,391334N1231885W001,DWR,2,4,5.8289952000000005,12.192,36.576,177.77460000000002,177.47999572753906,147.47999572753906,51.37999725341797,1.3799957036972046,1,1,1,1,101,60,-0.1721,-0.1309,175.421829224,171.367202759,4.054626464999984,4.054626464999984,4.054626464999984,0.2946042724609583,165.28799572753906,140.90399572753907,"valley, |residual| <= 5 m"
HO_113,valley,16.0,17.0,14.0,22.0,59.0,103.0,HO_113,391409N1231982W001,DWR,3,4,13.6017,10.668,16.764,182.77332,182.8600006103516,152.87318420410156,15.360000610351562,-34.63999938964844,1,1,1,1,98,57,0.0509,0.0821,172.621841431,168.686798096,3.9350433350000174,3.9350433350000174,3.9350433350000174,0.08668061035157848,172.19200061035158,166.09600061035158,"valley, |residual| <= 5 m"
HO_114,valley,16.0,18.0,14.0,4.0,59.0,103.0,HO_114,391322N1231929W001,CASGEM,4,10,4.358857714285715,6.096,18.288,177.47284800000003,177.36000061035156,147.36000061035156,19.86000061035156,-30.13999938964844,1,1,1,1,101,59,0.2839,-0.4035,174.816741943,171.771102905,3.0456390380000187,3.0456390380000187,3.0456390380000187,0.11284738964846497,171.26400061035156,159.07200061035155,"valley, |residual| <= 5 m"
HO_115,upland,0.0,0.0,14.0,0.0,0.0,76.0,HO_115,013N011W15B002M,NWIS,2,2,0.733044,,2.4384,249.3264,246.25999450683597,246.25999450683597,246.25999450683597,196.25999450683597,0,0,1,3,153,99,-0.0503,-0.3896,243.921035767,245.526901245,-1.6058654779999983,1.6058654779999983,1.6058654779999983,3.0664054931640408,,243.82159450683596,upland
HO_116,upland,0.0,0.0,14.0,0.0,0.0,76.0,HO_116,013N011W15B004M,NWIS,19,7,7.203707368421054,24.384,36.576,244.7544,243.6999969482422,243.6999969482422,243.6999969482422,193.6999969482422,0,0,1,3,153,98,0.155,0.2895,240.174362183,236.496307373,3.678054809999992,3.678054809999992,3.678054809999992,1.0544030517578165,219.31599694824217,207.1239969482422,upland
HO_117,upland,0.0,0.0,14.0,0.0,0.0,76.0,HO_117,013N011W15B003M,NWIS,21,7,6.069729142857144,24.384,67.056,251.46,243.6999969482422,243.6999969482422,243.6999969482422,193.6999969482422,0,0,1,3,153,98,0.0521,0.049,239.503814697,237.6302948,1.8735198969999942,1.8735198969999942,1.8735198969999942,7.7600030517578205,219.31599694824217,176.6439969482422,upland
HO_118,valley,19.0,0.0,14.0,0.0,46.0,76.0,HO_118,013N011W15C002M,NWIS,2,4,11.39952,,14.3256,245.0592,229.44000244140625,229.44000244140625,221.3493194580078,171.3493194580078,0,1,1,3,154,98,-0.4345,-0.3523,234.097900391,218.040496826,16.057403564999987,16.057403564999987,16.057403564999987,15.619197558593754,,215.11440244140624,"valley, |residual| > 10 m"
HO_119,valley,0.0,0.0,14.0,0.0,0.0,76.0,HO_119,013N011W15C001M,NWIS,2,4,6.894576000000001,,29.260800000000003,246.2784,243.6999969482422,243.6999969482422,243.6999969482422,193.6999969482422,0,0,1,3,153,98,0.36,-0.4324,235.526199341,236.805404663,-1.2792053219999957,1.2792053219999957,1.2792053219999957,2.5784030517578174,,214.43919694824217,"valley, |residual| <= 5 m"
HO_120,upland,19.0,0.0,14.0,0.0,44.0,75.0,HO_120,013N011W09E1M,NWIS,5,4,1.3691616000000002,,,251.7648,251.92999267578125,251.92999267578125,244.72999572753903,201.92999267578125,0,1,1,2,150,90,-0.2417,0.3539,254.490737915,250.560806274,3.9299316410000245,3.9299316410000245,3.9299316410000245,0.16519267578124186,,,upland
HO_121,upland,19.0,0.0,14.0,0.0,44.0,75.0,HO_121,013N011W08B1M,NWIS,7,4,3.9563040000000007,,15.24,241.7064,235.8999938964844,235.8999938964844,228.6999969482422,178.6999969482422,0,1,1,3,148,88,0.2152,0.4311,239.088684082,231.943695068,7.144989013999975,7.144989013999975,7.144989013999975,5.806406103515599,,220.6599938964844,upland
HO_122,valley,16.0,0.0,14.0,0.0,52.0,100.0,HO_122,016N012W15B001M,NWIS,3,1,7.20852,7.010400000000001,13.1064,322.7832,318.44000244140625,318.44000244140625,144.33999633789062,94.34000396728516,0,1,1,2,59,64,-0.3159,-0.0102,296.588470459,311.560699463,-14.972229003999985,14.972229003999985,14.972229003999985,4.343197558593772,311.42960244140625,305.33360244140624,"valley, |residual| > 10 m"
HO_123,valley,16.0,0.0,14.0,0.0,52.0,100.0,HO_123,016N012W15B002M,NWIS,3,9,56.534304,60.0456,63.0936,318.516,285.67999267578125,285.67999267578125,87.87998962402344,37.8799934387207,0,1,1,2,59,63,-0.3171,0.3506,291.141448975,229.145706177,61.99574279800001,61.99574279800001,61.99574279800001,32.83600732421877,225.63439267578124,222.58639267578124,"valley, |residual| > 10 m"
HO_124,upland,0.0,0.0,14.0,0.0,0.0,71.0,HO_124,016N012W03C001M,NWIS,8,11,13.885926,,60.96,280.1112,271.7099914550781,271.7099914550781,271.7099914550781,221.70999145507807,0,0,1,3,47,62,0.1729,0.4944,268.848999023,257.82409668,11.024902342999951,11.024902342999951,11.024902342999951,8.401208544921872,,210.74999145507812,upland
HO_125,valley,16.0,0.0,14.0,0.0,52.0,100.0,HO_125,016N012W15C001M,NWIS,9,2,14.618546666666663,,18.5928,288.3408,290.2799987792969,290.2799987792969,82.27999877929688,32.279998779296875,0,1,1,2,58,62,0.3716,-0.1669,275.742370605,275.661407471,0.08096313400000099,0.08096313400000099,0.08096313400000099,1.9391987792968735,,271.68719877929686,"valley, |residual| <= 5 m"
HO_126,valley,16.0,18.0,14.0,13.0,52.0,100.0,HO_126,016N012W04K001M,NWIS,3,4,2.900389714285715,,24.384,238.9632,237.52999877929688,217.52999877929688,46.62999725341797,-3.3700013160705566,1,1,1,2,50,58,0.246,-0.0645,235.820983887,234.975799561,0.8451843260000089,0.8451843260000089,0.8451843260000089,1.4332012207031255,,213.14599877929686,"valley, |residual| <= 5 m"
HO_127,valley,16.0,0.0,14.0,0.0,52.0,100.0,HO_127,016N012W09Q001M,NWIS,7,2,2.478894857142857,,19.5072,225.2472,230.75999450683597,230.75999450683597,45.75999450683594,-4.240005493164063,0,1,1,2,57,58,0.4381,-0.3196,222.727386475,228.281097412,-5.553710937000005,5.553710937000005,5.553710937000005,5.512794506835974,,211.25279450683595,"valley, |residual| = 5-10 m"
HO_128,valley,16.0,18.0,14.0,1.0,52.0,100.0,HO_128,016N012W16C001M,NWIS,2,6,37.26942,,117.348,218.8464,220.92999267578125,200.92999267578125,33.2299919128418,-16.770008087158203,1,1,1,2,59,58,-0.3292,-0.4821,203.982025146,183.660598755,20.321426391000017,20.321426391000017,20.321426391000017,2.0835926757812615,,103.58199267578125,"valley, |residual| > 10 m"
HO_129,valley,16.0,17.0,14.0,15.0,52.0,100.0,HO_129,017N012W33G001M,NWIS,2,7,5.670804,,24.384,251.1552,244.7700042724609,229.89768981933597,203.6699981689453,153.6699981689453,1,1,1,2,44,58,-0.413,-0.2403,243.917633057,239.099197388,4.818435668999996,4.818435668999996,4.818435668999996,6.385195727539099,,220.38600427246092,"valley, |residual| <= 5 m"
HO_130,valley,16.0,18.0,14.0,1.0,52.0,100.0,HO_130,016N012W16N002M,NWIS,11,10,13.05523714285714,28.651200000000003,59.1312,207.87360000000004,208.6000061035156,188.6000061035156,10.100006103515623,-39.899993896484375,1,1,1,2,63,56,-0.1199,-0.0895,209.51461792,202.965896606,6.548721314000005,6.548721314000005,6.548721314000005,0.7264061035155578,179.9488061035156,149.4688061035156,"valley, |residual| = 5-10 m"
HO_131,valley,16.0,17.0,14.0,15.0,52.0,100.0,HO_131,016N012W04D001M,NWIS,8,11,9.962388,,36.576,238.9632,231.17999267578125,191.9953765869141,83.17999267578125,33.17999267578125,1,1,1,1,48,56,-0.2249,-0.2156,225.129821777,221.217605591,3.912216185999995,3.912216185999995,3.912216185999995,7.7832073242187505,,194.60399267578126,"valley, |residual| <= 5 m"
HO_132,valley,16.0,18.0,14.0,1.0,52.0,100.0,HO_132,016N012W09E001M,NWIS,3,1,6.015010285714287,,16.154400000000003,214.884,216.8000030517578,196.8000030517578,21.40000343322754,-28.59999656677246,1,1,1,1,54,56,-0.0601,-0.3891,212.101333618,211.235397339,0.8659362790000102,0.8659362790000102,0.8659362790000102,1.9160030517578264,,200.6456030517578,"valley, |residual| <= 5 m"
HO_133,valley,14.0,18.0,14.0,1.0,51.0,100.0,HO_133,017N012W28M001M,NWIS,11,10,3.82205947826087,,9.7536,243.53520000000003,239.83999633789065,190.33999633789065,170.33999633789062,140.33999633789062,1,1,1,1,41,55,-0.3159,0.3211,235.126602173,235.973205566,-0.846603392999981,0.846603392999981,0.846603392999981,3.6952036621093782,,230.08639633789065,"valley, |residual| <= 5 m"
HO_134,valley,14.0,18.0,14.0,1.0,51.0,100.0,HO_134,017N012W28M002M,NWIS,7,11,3.1008320000000005,,22.250400000000003,242.6208,239.83999633789065,190.33999633789065,170.33999633789062,140.33999633789062,1,1,1,1,41,55,-0.2133,0.2411,234.618255615,236.649597168,-2.0313415530000043,2.0313415530000043,2.0313415530000043,2.7808036621093493,,217.58959633789064,"valley, |residual| <= 5 m"
HO_135,valley,16.0,18.0,14.0,1.0,52.0,100.0,HO_135,016N012W16E001M,NWIS,3,1,15.296605714285716,21.336,23.7744,226.77120000000008,208.55999755859372,188.55999755859372,-11.44000244140625,-61.44000244140625,1,1,1,2,59,55,0.1792,0.1197,213.534820557,194.573699951,18.96112060599998,18.96112060599998,18.96112060599998,18.211202441406357,187.22399755859374,184.78559755859374,"valley, |residual| > 10 m"
HO_136,valley,16.0,18.0,14.0,1.0,52.0,100.0,HO_136,016N012W04M001M,NWIS,7,11,4.481430857142857,,18.288,220.67520000000007,220.5200042724609,190.5200042724609,42.42000579833984,-7.579995632171631,1,1,1,1,50,55,0.1364,-0.0995,219.144546509,216.038604736,3.105941773000012,3.105941773000012,3.105941773000012,0.15519572753916577,,202.2320042724609,"valley, |residual| <= 5 m"
HO_137,valley,14.0,18.0,14.0,1.0,51.0,100.0,HO_137,017N012W28N002M,NWIS,7,2,6.475693714285716,,22.250400000000003,242.316,236.9900054931641,197.69000244140625,177.69000244140625,147.69000244140625,1,1,1,1,40,55,-0.2417,-0.1558,233.915756226,230.514297485,3.4014587410000274,3.4014587410000274,3.4014587410000274,5.325994506835912,,214.73960549316408,"valley, |residual| <= 5 m"
HO_138,valley,16.0,18.0,14.0,1.0,52.0,100.0,HO_138,016N012W08A001M,NWIS,3,3,21.0897216,,81.3816,241.7064,214.47000122070312,184.47000122070312,-5.529998779296875,-55.52999877929688,1,1,1,2,52,54,0.2913,-0.3825,215.913406372,193.810699463,22.102706909000005,22.102706909000005,22.102706909000005,27.236398779296877,,133.08840122070313,"valley, |residual| > 10 m"
HO_139,valley,16.0,17.0,14.0,15.0,52.0,100.0,HO_139,016N012W17B001M,NWIS,3,1,4.953,9.4488,15.5448,244.1448,243.6499938964844,233.6499938964844,23.64999389648437,-26.350006103515625,1,1,1,2,58,52,0.3506,0.3251,247.225036621,239.743499756,7.481536864999981,7.481536864999981,7.481536864999981,0.49480610351560017,234.2011938964844,228.1051938964844,"valley, |residual| = 5-10 m"
HO_140,valley,16.0,17.0,14.0,15.0,52.0,100.0,HO_140,016N012W17B002M,NWIS,3,1,3.626612,,13.1064,241.7064,243.6499938964844,233.6499938964844,23.64999389648437,-26.350006103515625,1,1,1,2,58,52,0.0422,0.2459,240.424560547,240.352096558,0.07246398899999917,0.07246398899999917,0.07246398899999917,1.9435938964844013,,230.5435938964844,"valley, |residual| <= 5 m"
HO_141,valley,14.0,17.0,14.0,15.0,51.0,100.0,HO_141,017N012W32C001M,NWIS,7,2,2.8664262857142857,,25.2984,246.2784,245.8999938964844,216.5,196.5,166.5,1,1,1,1,43,51,-0.2714,-0.1551,244.03894043,243.033599854,1.005340576000009,1.005340576000009,1.005340576000009,0.37840610351560144,,220.60159389648442,"valley, |residual| <= 5 m"
HO_142,valley,14.0,17.0,14.0,15.0,51.0,100.0,HO_142,017N012W29E001M,NWIS,1,9,28.16352,,48.768,244.7544,244.3600006103516,230.3600006103516,210.3600006103516,180.3600006103516,1,1,1,3,39,51,-0.4846,-0.3046,244.384567261,216.196502686,28.188064575,28.188064575,28.188064575,0.39439938964841303,,195.5920006103516,"valley, |residual| > 10 m"
HO_143,valley,14.0,18.0,14.0,1.0,30.0,100.0,HO_143,017N012W20E001M,NWIS,3,1,8.648192,,28.956000000000003,248.7168,244.33999633789065,224.33999633789065,204.33999633789065,174.33999633789062,1,1,1,2,34,50,-0.3148,0.3878,244.991027832,242.480697632,2.5103301999999985,2.5103301999999985,2.5103301999999985,4.376803662109353,,215.38399633789066,"valley, |residual| <= 5 m"
HO_144,valley,16.0,18.0,14.0,13.0,52.0,100.0,HO_144,016N012W08N002M,NWIS,7,2,33.308979428571426,44.500800000000005,62.7888,253.2888,219.7400054931641,178.78797912597656,-0.2599945068359375,-50.25999450683594,1,1,1,2,56,50,0.4943,-0.4668,227.237548828,186.430999756,40.806549071999996,40.806549071999996,40.806549071999996,33.54879450683592,175.2392054931641,156.95120549316408,"valley, |residual| > 10 m"
HO_145,valley,16.0,18.0,14.0,13.0,52.0,100.0,HO_145,016N012W08N001M,NWIS,7,2,14.516753142857144,,20.7264,249.936,219.7400054931641,178.78797912597656,-0.2599945068359375,-50.25999450683594,1,1,1,1,56,50,0.3915,-0.4665,219.445602417,205.223297119,14.222305298000009,14.222305298000009,14.222305298000009,30.195994506835916,,199.01360549316408,"valley, |residual| > 10 m"
HO_146,valley,14.0,18.0,14.0,1.0,30.0,100.0,HO_146,017N012W18J001M,NWIS,6,2,2.6471880000000003,,91.44,264.2616,257.69000244140625,237.69000244140625,217.69000244140625,187.69000244140625,1,1,1,3,29,49,0.4697,0.3606,256.299194336,255.042800903,1.256393433000028,1.256393433000028,1.256393433000028,6.571597558593737,,166.25000244140625,"valley, |residual| <= 5 m"
HO_147,upland,0.0,0.0,14.0,0.0,0.0,71.0,HO_147,017N012W30H001M,NWIS,8,11,4.656963,,46.3296,263.3472,261.95001220703125,261.95001220703125,261.95001220703125,211.95001220703125,0,0,1,3,39,49,-0.078,-0.0621,255.387069702,257.29309082,-1.906021117999984,1.906021117999984,1.906021117999984,1.3971877929687366,,215.62041220703125,upland
HO_148,valley,16.0,18.0,14.0,13.0,52.0,100.0,HO_148,016N012W07A002M,NWIS,2,1,8.987028,14.630400000000002,23.4696,227.9904,229.92999267578125,209.92999267578125,17.029993057250977,-32.970008850097656,1,1,1,1,53,49,0.204,-0.3374,218.858322144,225.667404175,-6.809082031000003,6.809082031000003,6.809082031000003,1.939592675781256,215.29959267578124,206.46039267578124,"valley, |residual| = 5-10 m"
HO_149,valley,16.0,18.0,14.0,13.0,52.0,100.0,HO_149,016N012W07A001M,NWIS,4,1,8.827770000000001,24.0792,47.8536,227.076,224.05999755859372,204.05999755859372,39.15999603271485,-10.840002059936523,1,1,1,2,53,48,0.2346,0.4725,219.437347412,213.561203003,5.8761444090000055,5.8761444090000055,5.8761444090000055,3.016002441406272,199.98079755859374,176.20639755859372,"valley, |residual| = 5-10 m"
HO_150,valley,14.0,18.0,14.0,13.0,51.0,100.0,HO_150,016N012W06G001M,NWIS,4,2,1.969008,,6.88848,250.2408,250.07000732421875,230.07000732421875,210.07000732421875,180.07000732421875,1,1,1,1,49,47,-0.2174,0.4756,237.891174316,248.100997925,-10.209823609000011,10.209823609000011,10.209823609000011,0.17079267578125723,,243.18152732421876,"valley, |residual| > 10 m"
HO_151,valley,14.0,18.0,14.0,13.0,51.0,100.0,HO_151,016N012W06G002M,NWIS,3,3,1.353312,,35.3568,252.0696,254.08999633789065,234.08999633789065,214.08999633789065,184.08999633789065,1,1,1,2,48,47,0.3712,0.317,238.874664307,252.736694336,-13.86203002900001,13.86203002900001,13.86203002900001,2.020396337890645,,218.73319633789066,"valley, |residual| > 10 m"
HO_152,valley,16.0,17.0,14.0,22.0,59.0,103.0,HO_152,391730N1232108W001,DWR,48,10,7.015797500000001,,18.8976,196.79412,198.57000732421875,124.01406860351562,-21.42999267578125,-71.42999267578125,1,1,1,1,86,53,0.1799,0.4699,190.468353271,191.45930481,-0.9909515389999797,0.9909515389999797,0.9909515389999797,1.7758873242187576,,179.67240732421874,"valley, |residual| <= 5 m"
HO_153,valley,16.0,18.0,14.0,20.0,59.0,103.0,HO_153,391860N1232039W001,DWR,4,4,6.317633142857143,6.096,13.716,190.673736,191.6499938964844,171.64999389648438,-28.350006103515625,-78.35000610351562,1,1,1,1,81,55,0.3785,0.4733,183.850708008,185.045700073,-1.194992065000008,1.194992065000008,1.194992065000008,0.9762578964844124,185.5539938964844,177.9339938964844,"valley, |residual| <= 5 m"
HO_154,valley,16.0,18.0,14.0,4.0,59.0,103.0,HO_154,391918N1232003W001,DWR,3,10,10.756392,39.624,45.72,190.887096,187.9499969482422,167.9499969482422,-32.05000305175781,-82.05000305175781,1,1,1,2,79,57,0.2435,-0.4943,183.443313599,177.109802246,6.333511353000006,6.333511353000006,6.333511353000006,2.9370990517578264,148.3259969482422,142.2299969482422,"valley, |residual| = 5-10 m"
HO_155,valley,16.0,18.0,14.0,4.0,59.0,103.0,HO_155,391918N1232003W002,DWR,3,10,13.034518,60.96,67.056,190.887096,187.9499969482422,167.9499969482422,-32.05000305175781,-82.05000305175781,1,1,1,2,79,57,0.2435,-0.4943,183.443313599,174.849197388,8.594116211,8.594116211,8.594116211,2.9370990517578264,126.98999694824218,120.89399694824219,"valley, |residual| = 5-10 m"
HO_156,valley,16.0,18.0,14.0,4.0,59.0,103.0,HO_156,391918N1232003W003,DWR,3,10,13.342366,106.68,112.776,190.887096,187.9499969482422,167.9499969482422,-32.05000305175781,-82.05000305175781,1,1,1,2,79,57,0.2435,-0.4943,183.443313599,174.63180542,8.811508178999986,8.811508178999986,8.811508178999986,2.9370990517578264,81.26999694824218,75.17399694824219,"valley, |residual| = 5-10 m"
HO_157,valley,16.0,18.0,14.0,4.0,59.0,103.0,HO_157,391918N1232003W004,DWR,3,10,13.650722,143.256,149.352,190.887096,187.9499969482422,167.9499969482422,-32.05000305175781,-82.05000305175781,1,1,1,2,79,57,0.2435,-0.4943,183.443313599,174.424499512,9.018814086999981,9.018814086999981,9.018814086999981,2.9370990517578264,44.69399694824219,38.597996948242184,"valley, |residual| = 5-10 m"
HO_158,valley,16.0,18.0,14.0,1.0,52.0,100.0,HO_158,392455N1231977W001,DWR,3,10,13.827556800000002,24.384,27.432,215.44483200000005,212.19000244140625,192.19000244140625,21.390003204345703,-28.609996795654297,1,1,1,2,59,57,0.4002,0.2939,197.314819336,197.995300293,-0.6804809570000145,0.6804809570000145,0.6804809570000145,3.254829558593798,187.80600244140624,184.75800244140626,"valley, |residual| <= 5 m"
HO_159,valley,16.0,18.0,14.0,1.0,52.0,100.0,HO_159,392455N1231977W002,DWR,3,10,27.8386032,57.912000000000006,60.96,215.44483200000005,212.19000244140625,192.19000244140625,21.390003204345703,-28.609996795654297,1,1,1,2,59,57,0.4002,0.2939,197.314819336,183.858795166,13.456024170000006,13.456024170000006,13.456024170000006,3.254829558593798,154.27800244140624,151.23000244140624,"valley, |residual| > 10 m"
HO_160,valley,16.0,18.0,14.0,1.0,52.0,100.0,HO_160,392455N1231977W003,DWR,3,4,18.454116000000003,85.34400000000001,103.632,215.44483200000005,212.19000244140625,192.19000244140625,21.390003204345703,-28.609996795654297,1,1,1,2,59,57,0.4002,0.2939,197.314819336,192.9947052,4.320114136000001,4.320114136000001,4.320114136000001,3.254829558593798,126.84600244140624,108.55800244140624,"valley, |residual| <= 5 m"
HO_161,valley,0.0,0.0,14.0,0.0,0.0,71.0,HO_161,392516N1231610W001,DWR,2,10,33.147000000000006,24.384,60.96,329.369928,309.79998779296875,309.79998779296875,309.79998779296875,259.79998779296875,0,0,1,3,57,68,0.1286,-0.1384,290.556915283,276.432006836,14.124908446999996,14.124908446999996,14.124908446999996,19.569940207031266,285.41598779296874,248.83998779296874,"valley, |residual| > 10 m"
HO_162,valley,16.0,18.0,14.0,13.0,52.0,100.0,HO_162,392556N1232312W001,DWR,3,10,11.588242,,60.96,224.878392,228.3600006103516,208.3600006103516,8.360000610351562,-41.63999938964844,1,1,1,2,56,48,-0.3711,-0.3145,224.845687866,214.525604248,10.320083617999984,10.320083617999984,10.320083617999984,3.4816086103516,,167.40000061035158,"valley, |residual| > 10 m"
HO_163,valley,16.0,17.0,14.0,15.0,52.0,100.0,HO_163,392594N1232129W001,DWR,2,4,36.127944,,57.912000000000006,256.62331200000006,255.82000732421875,178.91403198242188,35.82000732421875,-14.17999267578125,1,1,1,1,54,53,0.2213,-0.0539,212.651168823,218.267105103,-5.61593628,5.61593628,5.61593628,0.8033046757813054,,197.90800732421874,"valley, |residual| = 5-10 m"
HO_164,valley,16.0,18.0,14.0,1.0,52.0,100.0,HO_164,392606N1232098W001,DWR,3,4,41.758362,,105.7656,257.808984,240.2100067138672,170.6748809814453,20.210006713867188,-29.78999328613281,1,1,1,2,54,54,-0.2131,-0.17,212.868530273,197.410507202,15.458023071000014,15.458023071000014,15.458023071000014,17.598977286132822,,134.44440671386718,"valley, |residual| > 10 m"
HO_165,valley,16.0,17.0,14.0,13.0,52.0,100.0,HO_165,392645N1231955W001,DWR,3,10,14.615922,,30.48,246.952008,244.3999938964844,234.3999938964844,49.79999542236328,-0.2000060975551605,1,1,1,2,52,58,0.3571,-0.0401,232.848480225,228.933898926,3.914581298999991,3.914581298999991,3.914581298999991,2.552014103515603,,213.9199938964844,"valley, |residual| <= 5 m"
HO_166,valley,16.0,18.0,14.0,13.0,52.0,100.0,HO_166,392648N1232318W001,DWR,4,10,2.4953976,,18.288,225.56724,231.00999450683597,211.00999450683597,78.30999755859375,28.309993743896484,1,1,1,1,52,48,0.1993,-0.4812,221.380645752,228.37840271,-6.9977569579999965,6.9977569579999965,6.9977569579999965,5.442754506835968,,212.72199450683596,"valley, |residual| = 5-10 m"
HO_167,valley,0.0,0.0,14.0,0.0,0.0,71.0,HO_167,392730N1231770W001,DWR,3,4,11.617452,56.692800000000005,121.92,283.628592,277.6199951171875,277.6199951171875,277.6199951171875,227.6199951171875,0,0,1,3,49,63,0.2089,0.2744,272.36138916,265.622009277,6.73937988299997,6.73937988299997,6.73937988299997,6.008596882812526,220.9271951171875,155.69999511718748,"valley, |residual| = 5-10 m"
HO_168,valley,16.0,18.0,14.0,2.0,55.0,101.0,HO_168,392842N1230950W001,DWR,12,10,0.7097485714285714,,3.3528,276.276816,275.9800109863281,255.98001098632807,59.28001022338867,9.280011177062988,1,1,1,1,45,87,0.1012,-0.144,275.919494629,275.129089355,0.7904052739999656,0.7904052739999656,0.7904052739999656,0.2968050136718716,,272.6272109863281,"valley, |residual| <= 5 m"
HO_169,valley,16.0,18.0,14.0,16.0,55.0,101.0,HO_169,017N011W18J001M,NWIS,15,10,0.2110071578947369,,10.9728,292.30319999999995,291.1600036621094,261.1600036621094,225.8600006103516,175.86000061035156,1,1,1,1,29,81,-0.3957,-0.4324,291.374328613,290.564605713,0.809722899999997,0.809722899999997,0.809722899999997,1.143196337890572,,280.18720366210937,"valley, |residual| <= 5 m"
HO_170,valley,16.0,18.0,14.0,16.0,55.0,101.0,HO_170,017N011W18J002M,DWR,36,4,0.7813886666666667,18.288,30.48,291.99840000000006,291.1600036621094,261.1600036621094,225.8600006103516,175.86000061035156,1,1,1,1,29,81,-0.4046,-0.3036,291.341369629,290.378601074,0.9627685549999683,0.9627685549999683,0.9627685549999683,0.8383963378906856,272.87200366210936,260.68000366210936,"valley, |residual| <= 5 m"
