,field_hru,field_id,month
0,46347.0,3400,1
0,46347.0,3400,2
0,46347.0,3400,3
0,46347.0,3400,4
0,46347.0,3400,5
0,46347.0,3400,6
0,46347.0,3400,7
0,46347.0,3400,8
0,46347.0,3400,9
0,46347.0,3400,10
0,46347.0,3400,11
0,46347.0,3400,12
0,46347.0,3401,1
0,46347.0,3401,2
0,46347.0,3401,3
0,46347.0,3401,4
0,46347.0,3401,5
0,46347.0,3401,6
0,46347.0,3401,7
0,46347.0,3401,8
0,46347.0,3401,9
0,46347.0,3401,10
0,46347.0,3401,11
0,46347.0,3401,12
0,46347.0,3400,1
0,46347.0,3400,2
0,46347.0,3400,3
0,46347.0,3400,4
0,46347.0,3400,5
0,46347.0,3400,6
0,46347.0,3400,7
0,46347.0,3400,8
0,46347.0,3400,9
0,46347.0,3400,10
0,46347.0,3400,11
0,46347.0,3400,12
0,46599.0,3401,1
0,46599.0,3401,2
0,46599.0,3401,3
0,46599.0,3401,4
0,46599.0,3401,5
0,46599.0,3401,6
0,46599.0,3401,7
0,46599.0,3401,8
0,46599.0,3401,9
0,46599.0,3401,10
0,46599.0,3401,11
0,46599.0,3401,12
0,46346.0,3401,1
0,46346.0,3401,2
0,46346.0,3401,3
0,46346.0,3401,4
0,46346.0,3401,5
0,46346.0,3401,6
0,46346.0,3401,7
0,46346.0,3401,8
0,46346.0,3401,9
0,46346.0,3401,10
0,46346.0,3401,11
0,46346.0,3401,12
0,46600.0,3401,1
0,46600.0,3401,2
0,46600.0,3401,3
0,46600.0,3401,4
0,46600.0,3401,5
0,46600.0,3401,6
0,46600.0,3401,7
0,46600.0,3401,8
0,46600.0,3401,9
0,46600.0,3401,10
0,46600.0,3401,11
0,46600.0,3401,12
0,97818.0,3713,1
0,97818.0,3713,2
0,97818.0,3713,3
0,97818.0,3713,4
0,97818.0,3713,5
0,97818.0,3713,6
0,97818.0,3713,7
0,97818.0,3713,8
0,97818.0,3713,9
0,97818.0,3713,10
0,97818.0,3713,11
0,97818.0,3713,12
0,97818.0,3714,1
0,97818.0,3714,2
0,97818.0,3714,3
0,97818.0,3714,4
0,97818.0,3714,5
0,97818.0,3714,6
0,97818.0,3714,7
0,97818.0,3714,8
0,97818.0,3714,9
0,97818.0,3714,10
0,97818.0,3714,11
0,97818.0,3714,12
0,97818.0,3715,1
0,97818.0,3715,2
0,97818.0,3715,3
0,97818.0,3715,4
0,97818.0,3715,5
0,97818.0,3715,6
0,97818.0,3715,7
0,97818.0,3715,8
0,97818.0,3715,9
0,97818.0,3715,10
0,97818.0,3715,11
0,97818.0,3715,12
0,97818.0,3716,1
0,97818.0,3716,2
0,97818.0,3716,3
0,97818.0,3716,4
0,97818.0,3716,5
0,97818.0,3716,6
0,97818.0,3716,7
0,97818.0,3716,8
0,97818.0,3716,9
0,97818.0,3716,10
0,97818.0,3716,11
0,97818.0,3716,12
0,97818.0,3718,1
0,97818.0,3718,2
0,97818.0,3718,3
0,97818.0,3718,4
0,97818.0,3718,5
0,97818.0,3718,6
0,97818.0,3718,7
0,97818.0,3718,8
0,97818.0,3718,9
0,97818.0,3718,10
0,97818.0,3718,11
0,97818.0,3718,12
0,98071.0,3713,1
0,98071.0,3713,2
0,98071.0,3713,3
0,98071.0,3713,4
0,98071.0,3713,5
0,98071.0,3713,6
0,98071.0,3713,7
0,98071.0,3713,8
0,98071.0,3713,9
0,98071.0,3713,10
0,98071.0,3713,11
0,98071.0,3713,12
0,97823.0,3719,1
0,97823.0,3719,2
0,97823.0,3719,3
0,97823.0,3719,4
0,97823.0,3719,5
0,97823.0,3719,6
0,97823.0,3719,7
0,97823.0,3719,8
0,97823.0,3719,9
0,97823.0,3719,10
0,97823.0,3719,11
0,97823.0,3719,12
0,97822.0,3719,1
0,97822.0,3719,2
0,97822.0,3719,3
0,97822.0,3719,4
0,97822.0,3719,5
0,97822.0,3719,6
0,97822.0,3719,7
0,97822.0,3719,8
0,97822.0,3719,9
0,97822.0,3719,10
0,97822.0,3719,11
0,97822.0,3719,12
0,97822.0,3720,1
0,97822.0,3720,2
0,97822.0,3720,3
0,97822.0,3720,4
0,97822.0,3720,5
0,97822.0,3720,6
0,97822.0,3720,7
0,97822.0,3720,8
0,97822.0,3720,9
0,97822.0,3720,10
0,97822.0,3720,11
0,97822.0,3720,12
0,97570.0,3719,1
0,97570.0,3719,2
0,97570.0,3719,3
0,97570.0,3719,4
0,97570.0,3719,5
0,97570.0,3719,6
0,97570.0,3719,7
0,97570.0,3719,8
0,97570.0,3719,9
0,97570.0,3719,10
0,97570.0,3719,11
0,97570.0,3719,12
0,97820.0,3720,1
0,97820.0,3720,2
0,97820.0,3720,3
0,97820.0,3720,4
0,97820.0,3720,5
0,97820.0,3720,6
0,97820.0,3720,7
0,97820.0,3720,8
0,97820.0,3720,9
0,97820.0,3720,10
0,97820.0,3720,11
0,97820.0,3720,12
0,97567.0,3720,1
0,97567.0,3720,2
0,97567.0,3720,3
0,97567.0,3720,4
0,97567.0,3720,5
0,97567.0,3720,6
0,97567.0,3720,7
0,97567.0,3720,8
0,97567.0,3720,9
0,97567.0,3720,10
0,97567.0,3720,11
0,97567.0,3720,12
0,97567.0,3723,1
0,97567.0,3723,2
0,97567.0,3723,3
0,97567.0,3723,4
0,97567.0,3723,5
0,97567.0,3723,6
0,97567.0,3723,7
0,97567.0,3723,8
0,97567.0,3723,9
0,97567.0,3723,10
0,97567.0,3723,11
0,97567.0,3723,12
0,97567.0,3724,1
0,97567.0,3724,2
0,97567.0,3724,3
0,97567.0,3724,4
0,97567.0,3724,5
0,97567.0,3724,6
0,97567.0,3724,7
0,97567.0,3724,8
0,97567.0,3724,9
0,97567.0,3724,10
0,97567.0,3724,11
0,97567.0,3724,12
0,97821.0,3720,1
0,97821.0,3720,2
0,97821.0,3720,3
0,97821.0,3720,4
0,97821.0,3720,5
0,97821.0,3720,6
0,97821.0,3720,7
0,97821.0,3720,8
0,97821.0,3720,9
0,97821.0,3720,10
0,97821.0,3720,11
0,97821.0,3720,12
0,97566.0,3724,1
0,97566.0,3724,2
0,97566.0,3724,3
0,97566.0,3724,4
0,97566.0,3724,5
0,97566.0,3724,6
0,97566.0,3724,7
0,97566.0,3724,8
0,97566.0,3724,9
0,97566.0,3724,10
0,97566.0,3724,11
0,97566.0,3724,12
0,96304.0,3735,1
0,96304.0,3735,2
0,96304.0,3735,3
0,96304.0,3735,4
0,96304.0,3735,5
0,96304.0,3735,6
0,96304.0,3735,7
0,96304.0,3735,8
0,96304.0,3735,9
0,96304.0,3735,10
0,96304.0,3735,11
0,96304.0,3735,12
0,96051.0,3738,1
0,96051.0,3738,2
0,96051.0,3738,3
0,96051.0,3738,4
0,96051.0,3738,5
0,96051.0,3738,6
0,96051.0,3738,7
0,96051.0,3738,8
0,96051.0,3738,9
0,96051.0,3738,10
0,96051.0,3738,11
0,96051.0,3738,12
0,96051.0,3739,1
0,96051.0,3739,2
0,96051.0,3739,3
0,96051.0,3739,4
0,96051.0,3739,5
0,96051.0,3739,6
0,96051.0,3739,7
0,96051.0,3739,8
0,96051.0,3739,9
0,96051.0,3739,10
0,96051.0,3739,11
0,96051.0,3739,12
0,95798.0,3738,1
0,95798.0,3738,2
0,95798.0,3738,3
0,95798.0,3738,4
0,95798.0,3738,5
0,95798.0,3738,6
0,95798.0,3738,7
0,95798.0,3738,8
0,95798.0,3738,9
0,95798.0,3738,10
0,95798.0,3738,11
0,95798.0,3738,12
0,95798.0,3740,1
0,95798.0,3740,2
0,95798.0,3740,3
0,95798.0,3740,4
0,95798.0,3740,5
0,95798.0,3740,6
0,95798.0,3740,7
0,95798.0,3740,8
0,95798.0,3740,9
0,95798.0,3740,10
0,95798.0,3740,11
0,95798.0,3740,12
0,95798.0,3741,1
0,95798.0,3741,2
0,95798.0,3741,3
0,95798.0,3741,4
0,95798.0,3741,5
0,95798.0,3741,6
0,95798.0,3741,7
0,95798.0,3741,8
0,95798.0,3741,9
0,95798.0,3741,10
0,95798.0,3741,11
0,95798.0,3741,12
0,95545.0,3742,1
0,95545.0,3742,2
0,95545.0,3742,3
0,95545.0,3742,4
0,95545.0,3742,5
0,95545.0,3742,6
0,95545.0,3742,7
0,95545.0,3742,8
0,95545.0,3742,9
0,95545.0,3742,10
0,95545.0,3742,11
0,95545.0,3742,12
0,95545.0,3743,1
0,95545.0,3743,2
0,95545.0,3743,3
0,95545.0,3743,4
0,95545.0,3743,5
0,95545.0,3743,6
0,95545.0,3743,7
0,95545.0,3743,8
0,95545.0,3743,9
0,95545.0,3743,10
0,95545.0,3743,11
0,95545.0,3743,12
0,95544.0,3742,1
0,95544.0,3742,2
0,95544.0,3742,3
0,95544.0,3742,4
0,95544.0,3742,5
0,95544.0,3742,6
0,95544.0,3742,7
0,95544.0,3742,8
0,95544.0,3742,9
0,95544.0,3742,10
0,95544.0,3742,11
0,95544.0,3742,12
0,95544.0,3743,1
0,95544.0,3743,2
0,95544.0,3743,3
0,95544.0,3743,4
0,95544.0,3743,5
0,95544.0,3743,6
0,95544.0,3743,7
0,95544.0,3743,8
0,95544.0,3743,9
0,95544.0,3743,10
0,95544.0,3743,11
0,95544.0,3743,12
0,95544.0,3744,1
0,95544.0,3744,2
0,95544.0,3744,3
0,95544.0,3744,4
0,95544.0,3744,5
0,95544.0,3744,6
0,95544.0,3744,7
0,95544.0,3744,8
0,95544.0,3744,9
0,95544.0,3744,10
0,95544.0,3744,11
0,95544.0,3744,12
0,95544.0,3745,1
0,95544.0,3745,2
0,95544.0,3745,3
0,95544.0,3745,4
0,95544.0,3745,5
0,95544.0,3745,6
0,95544.0,3745,7
0,95544.0,3745,8
0,95544.0,3745,9
0,95544.0,3745,10
0,95544.0,3745,11
0,95544.0,3745,12
0,95543.0,3745,1
0,95543.0,3745,2
0,95543.0,3745,3
0,95543.0,3745,4
0,95543.0,3745,5
0,95543.0,3745,6
0,95543.0,3745,7
0,95543.0,3745,8
0,95543.0,3745,9
0,95543.0,3745,10
0,95543.0,3745,11
0,95543.0,3745,12
0,95543.0,3913,1
0,95543.0,3913,2
0,95543.0,3913,3
0,95543.0,3913,4
0,95543.0,3913,5
0,95543.0,3913,6
0,95543.0,3913,7
0,95543.0,3913,8
0,95543.0,3913,9
0,95543.0,3913,10
0,95543.0,3913,11
0,95543.0,3913,12
0,95543.0,3914,1
0,95543.0,3914,2
0,95543.0,3914,3
0,95543.0,3914,4
0,95543.0,3914,5
0,95543.0,3914,6
0,95543.0,3914,7
0,95543.0,3914,8
0,95543.0,3914,9
0,95543.0,3914,10
0,95543.0,3914,11
0,95543.0,3914,12
0,95543.0,10736,1
0,95543.0,10736,2
0,95543.0,10736,3
0,95543.0,10736,4
0,95543.0,10736,5
0,95543.0,10736,6
0,95543.0,10736,7
0,95543.0,10736,8
0,95543.0,10736,9
0,95543.0,10736,10
0,95543.0,10736,11
0,95543.0,10736,12
0,95037.0,3902,1
0,95037.0,3902,2
0,95037.0,3902,3
0,95037.0,3902,4
0,95037.0,3902,5
0,95037.0,3902,6
0,95037.0,3902,7
0,95037.0,3902,8
0,95037.0,3902,9
0,95037.0,3902,10
0,95037.0,3902,11
0,95037.0,3902,12
0,95290.0,3913,1
0,95290.0,3913,2
0,95290.0,3913,3
0,95290.0,3913,4
0,95290.0,3913,5
0,95290.0,3913,6
0,95290.0,3913,7
0,95290.0,3913,8
0,95290.0,3913,9
0,95290.0,3913,10
0,95290.0,3913,11
0,95290.0,3913,12
0,95290.0,3914,1
0,95290.0,3914,2
0,95290.0,3914,3
0,95290.0,3914,4
0,95290.0,3914,5
0,95290.0,3914,6
0,95290.0,3914,7
0,95290.0,3914,8
0,95290.0,3914,9
0,95290.0,3914,10
0,95290.0,3914,11
0,95290.0,3914,12
0,96030.0,3963,1
0,96030.0,3963,2
0,96030.0,3963,3
0,96030.0,3963,4
0,96030.0,3963,5
0,96030.0,3963,6
0,96030.0,3963,7
0,96030.0,3963,8
0,96030.0,3963,9
0,96030.0,3963,10
0,96030.0,3963,11
0,96030.0,3963,12
0,95777.0,3963,1
0,95777.0,3963,2
0,95777.0,3963,3
0,95777.0,3963,4
0,95777.0,3963,5
0,95777.0,3963,6
0,95777.0,3963,7
0,95777.0,3963,8
0,95777.0,3963,9
0,95777.0,3963,10
0,95777.0,3963,11
0,95777.0,3963,12
0,95777.0,3964,1
0,95777.0,3964,2
0,95777.0,3964,3
0,95777.0,3964,4
0,95777.0,3964,5
0,95777.0,3964,6
0,95777.0,3964,7
0,95777.0,3964,8
0,95777.0,3964,9
0,95777.0,3964,10
0,95777.0,3964,11
0,95777.0,3964,12
0,98576.0,3965,1
0,98576.0,3965,2
0,98576.0,3965,3
0,98576.0,3965,4
0,98576.0,3965,5
0,98576.0,3965,6
0,98576.0,3965,7
0,98576.0,3965,8
0,98576.0,3965,9
0,98576.0,3965,10
0,98576.0,3965,11
0,98576.0,3965,12
0,93746.0,4034,1
0,93746.0,4034,2
0,93746.0,4034,3
0,93746.0,4034,4
0,93746.0,4034,5
0,93746.0,4034,6
0,93746.0,4034,7
0,93746.0,4034,8
0,93746.0,4034,9
0,93746.0,4034,10
0,93746.0,4034,11
0,93746.0,4034,12
0,87438.0,4267,1
0,87438.0,4267,2
0,87438.0,4267,3
0,87438.0,4267,4
0,87438.0,4267,5
0,87438.0,4267,6
0,87438.0,4267,7
0,87438.0,4267,8
0,87438.0,4267,9
0,87438.0,4267,10
0,87438.0,4267,11
0,87438.0,4267,12
0,87438.0,4268,1
0,87438.0,4268,2
0,87438.0,4268,3
0,87438.0,4268,4
0,87438.0,4268,5
0,87438.0,4268,6
0,87438.0,4268,7
0,87438.0,4268,8
0,87438.0,4268,9
0,87438.0,4268,10
0,87438.0,4268,11
0,87438.0,4268,12
0,87438.0,4273,1
0,87438.0,4273,2
0,87438.0,4273,3
0,87438.0,4273,4
0,87438.0,4273,5
0,87438.0,4273,6
0,87438.0,4273,7
0,87438.0,4273,8
0,87438.0,4273,9
0,87438.0,4273,10
0,87438.0,4273,11
0,87438.0,4273,12
0,87438.0,4274,1
0,87438.0,4274,2
0,87438.0,4274,3
0,87438.0,4274,4
0,87438.0,4274,5
0,87438.0,4274,6
0,87438.0,4274,7
0,87438.0,4274,8
0,87438.0,4274,9
0,87438.0,4274,10
0,87438.0,4274,11
0,87438.0,4274,12
0,87438.0,4275,1
0,87438.0,4275,2
0,87438.0,4275,3
0,87438.0,4275,4
0,87438.0,4275,5
0,87438.0,4275,6
0,87438.0,4275,7
0,87438.0,4275,8
0,87438.0,4275,9
0,87438.0,4275,10
0,87438.0,4275,11
0,87438.0,4275,12
0,87439.0,4273,1
0,87439.0,4273,2
0,87439.0,4273,3
0,87439.0,4273,4
0,87439.0,4273,5
0,87439.0,4273,6
0,87439.0,4273,7
0,87439.0,4273,8
0,87439.0,4273,9
0,87439.0,4273,10
0,87439.0,4273,11
0,87439.0,4273,12
0,87439.0,4274,1
0,87439.0,4274,2
0,87439.0,4274,3
0,87439.0,4274,4
0,87439.0,4274,5
0,87439.0,4274,6
0,87439.0,4274,7
0,87439.0,4274,8
0,87439.0,4274,9
0,87439.0,4274,10
0,87439.0,4274,11
0,87439.0,4274,12
0,87186.0,4274,1
0,87186.0,4274,2
0,87186.0,4274,3
0,87186.0,4274,4
0,87186.0,4274,5
0,87186.0,4274,6
0,87186.0,4274,7
0,87186.0,4274,8
0,87186.0,4274,9
0,87186.0,4274,10
0,87186.0,4274,11
0,87186.0,4274,12
0,87185.0,4274,1
0,87185.0,4274,2
0,87185.0,4274,3
0,87185.0,4274,4
0,87185.0,4274,5
0,87185.0,4274,6
0,87185.0,4274,7
0,87185.0,4274,8
0,87185.0,4274,9
0,87185.0,4274,10
0,87185.0,4274,11
0,87185.0,4274,12
0,87185.0,4275,1
0,87185.0,4275,2
0,87185.0,4275,3
0,87185.0,4275,4
0,87185.0,4275,5
0,87185.0,4275,6
0,87185.0,4275,7
0,87185.0,4275,8
0,87185.0,4275,9
0,87185.0,4275,10
0,87185.0,4275,11
0,87185.0,4275,12
0,87185.0,4291,1
0,87185.0,4291,2
0,87185.0,4291,3
0,87185.0,4291,4
0,87185.0,4291,5
0,87185.0,4291,6
0,87185.0,4291,7
0,87185.0,4291,8
0,87185.0,4291,9
0,87185.0,4291,10
0,87185.0,4291,11
0,87185.0,4291,12
0,87185.0,4292,1
0,87185.0,4292,2
0,87185.0,4292,3
0,87185.0,4292,4
0,87185.0,4292,5
0,87185.0,4292,6
0,87185.0,4292,7
0,87185.0,4292,8
0,87185.0,4292,9
0,87185.0,4292,10
0,87185.0,4292,11
0,87185.0,4292,12
0,90984.0,4298,1
0,90984.0,4298,2
0,90984.0,4298,3
0,90984.0,4298,4
0,90984.0,4298,5
0,90984.0,4298,6
0,90984.0,4298,7
0,90984.0,4298,8
0,90984.0,4298,9
0,90984.0,4298,10
0,90984.0,4298,11
0,90984.0,4298,12
0,90984.0,4299,1
0,90984.0,4299,2
0,90984.0,4299,3
0,90984.0,4299,4
0,90984.0,4299,5
0,90984.0,4299,6
0,90984.0,4299,7
0,90984.0,4299,8
0,90984.0,4299,9
0,90984.0,4299,10
0,90984.0,4299,11
0,90984.0,4299,12
0,90984.0,4302,1
0,90984.0,4302,2
0,90984.0,4302,3
0,90984.0,4302,4
0,90984.0,4302,5
0,90984.0,4302,6
0,90984.0,4302,7
0,90984.0,4302,8
0,90984.0,4302,9
0,90984.0,4302,10
0,90984.0,4302,11
0,90984.0,4302,12
0,90985.0,4299,1
0,90985.0,4299,2
0,90985.0,4299,3
0,90985.0,4299,4
0,90985.0,4299,5
0,90985.0,4299,6
0,90985.0,4299,7
0,90985.0,4299,8
0,90985.0,4299,9
0,90985.0,4299,10
0,90985.0,4299,11
0,90985.0,4299,12
0,90983.0,4302,1
0,90983.0,4302,2
0,90983.0,4302,3
0,90983.0,4302,4
0,90983.0,4302,5
0,90983.0,4302,6
0,90983.0,4302,7
0,90983.0,4302,8
0,90983.0,4302,9
0,90983.0,4302,10
0,90983.0,4302,11
0,90983.0,4302,12
0,90983.0,4303,1
0,90983.0,4303,2
0,90983.0,4303,3
0,90983.0,4303,4
0,90983.0,4303,5
0,90983.0,4303,6
0,90983.0,4303,7
0,90983.0,4303,8
0,90983.0,4303,9
0,90983.0,4303,10
0,90983.0,4303,11
0,90983.0,4303,12
0,90983.0,4338,1
0,90983.0,4338,2
0,90983.0,4338,3
0,90983.0,4338,4
0,90983.0,4338,5
0,90983.0,4338,6
0,90983.0,4338,7
0,90983.0,4338,8
0,90983.0,4338,9
0,90983.0,4338,10
0,90983.0,4338,11
0,90983.0,4338,12
0,91492.0,4317,1
0,91492.0,4317,2
0,91492.0,4317,3
0,91492.0,4317,4
0,91492.0,4317,5
0,91492.0,4317,6
0,91492.0,4317,7
0,91492.0,4317,8
0,91492.0,4317,9
0,91492.0,4317,10
0,91492.0,4317,11
0,91492.0,4317,12
0,91492.0,4319,1
0,91492.0,4319,2
0,91492.0,4319,3
0,91492.0,4319,4
0,91492.0,4319,5
0,91492.0,4319,6
0,91492.0,4319,7
0,91492.0,4319,8
0,91492.0,4319,9
0,91492.0,4319,10
0,91492.0,4319,11
0,91492.0,4319,12
0,91492.0,4320,1
0,91492.0,4320,2
0,91492.0,4320,3
0,91492.0,4320,4
0,91492.0,4320,5
0,91492.0,4320,6
0,91492.0,4320,7
0,91492.0,4320,8
0,91492.0,4320,9
0,91492.0,4320,10
0,91492.0,4320,11
0,91492.0,4320,12
0,91492.0,4321,1
0,91492.0,4321,2
0,91492.0,4321,3
0,91492.0,4321,4
0,91492.0,4321,5
0,91492.0,4321,6
0,91492.0,4321,7
0,91492.0,4321,8
0,91492.0,4321,9
0,91492.0,4321,10
0,91492.0,4321,11
0,91492.0,4321,12
0,91239.0,4317,1
0,91239.0,4317,2
0,91239.0,4317,3
0,91239.0,4317,4
0,91239.0,4317,5
0,91239.0,4317,6
0,91239.0,4317,7
0,91239.0,4317,8
0,91239.0,4317,9
0,91239.0,4317,10
0,91239.0,4317,11
0,91239.0,4317,12
0,91239.0,4318,1
0,91239.0,4318,2
0,91239.0,4318,3
0,91239.0,4318,4
0,91239.0,4318,5
0,91239.0,4318,6
0,91239.0,4318,7
0,91239.0,4318,8
0,91239.0,4318,9
0,91239.0,4318,10
0,91239.0,4318,11
0,91239.0,4318,12
0,91239.0,4320,1
0,91239.0,4320,2
0,91239.0,4320,3
0,91239.0,4320,4
0,91239.0,4320,5
0,91239.0,4320,6
0,91239.0,4320,7
0,91239.0,4320,8
0,91239.0,4320,9
0,91239.0,4320,10
0,91239.0,4320,11
0,91239.0,4320,12
0,91239.0,4321,1
0,91239.0,4321,2
0,91239.0,4321,3
0,91239.0,4321,4
0,91239.0,4321,5
0,91239.0,4321,6
0,91239.0,4321,7
0,91239.0,4321,8
0,91239.0,4321,9
0,91239.0,4321,10
0,91239.0,4321,11
0,91239.0,4321,12
0,91239.0,4350,1
0,91239.0,4350,2
0,91239.0,4350,3
0,91239.0,4350,4
0,91239.0,4350,5
0,91239.0,4350,6
0,91239.0,4350,7
0,91239.0,4350,8
0,91239.0,4350,9
0,91239.0,4350,10
0,91239.0,4350,11
0,91239.0,4350,12
0,90224.0,4325,1
0,90224.0,4325,2
0,90224.0,4325,3
0,90224.0,4325,4
0,90224.0,4325,5
0,90224.0,4325,6
0,90224.0,4325,7
0,90224.0,4325,8
0,90224.0,4325,9
0,90224.0,4325,10
0,90224.0,4325,11
0,90224.0,4325,12
0,90225.0,4325,1
0,90225.0,4325,2
0,90225.0,4325,3
0,90225.0,4325,4
0,90225.0,4325,5
0,90225.0,4325,6
0,90225.0,4325,7
0,90225.0,4325,8
0,90225.0,4325,9
0,90225.0,4325,10
0,90225.0,4325,11
0,90225.0,4325,12
0,89971.0,4325,1
0,89971.0,4325,2
0,89971.0,4325,3
0,89971.0,4325,4
0,89971.0,4325,5
0,89971.0,4325,6
0,89971.0,4325,7
0,89971.0,4325,8
0,89971.0,4325,9
0,89971.0,4325,10
0,89971.0,4325,11
0,89971.0,4325,12
0,89972.0,4325,1
0,89972.0,4325,2
0,89972.0,4325,3
0,89972.0,4325,4
0,89972.0,4325,5
0,89972.0,4325,6
0,89972.0,4325,7
0,89972.0,4325,8
0,89972.0,4325,9
0,89972.0,4325,10
0,89972.0,4325,11
0,89972.0,4325,12
0,90477.0,4337,1
0,90477.0,4337,2
0,90477.0,4337,3
0,90477.0,4337,4
0,90477.0,4337,5
0,90477.0,4337,6
0,90477.0,4337,7
0,90477.0,4337,8
0,90477.0,4337,9
0,90477.0,4337,10
0,90477.0,4337,11
0,90477.0,4337,12
0,88452.0,4473,1
0,88452.0,4473,2
0,88452.0,4473,3
0,88452.0,4473,4
0,88452.0,4473,5
0,88452.0,4473,6
0,88452.0,4473,7
0,88452.0,4473,8
0,88452.0,4473,9
0,88452.0,4473,10
0,88452.0,4473,11
0,88452.0,4473,12
0,88452.0,4474,1
0,88452.0,4474,2
0,88452.0,4474,3
0,88452.0,4474,4
0,88452.0,4474,5
0,88452.0,4474,6
0,88452.0,4474,7
0,88452.0,4474,8
0,88452.0,4474,9
0,88452.0,4474,10
0,88452.0,4474,11
0,88452.0,4474,12
0,88452.0,4475,1
0,88452.0,4475,2
0,88452.0,4475,3
0,88452.0,4475,4
0,88452.0,4475,5
0,88452.0,4475,6
0,88452.0,4475,7
0,88452.0,4475,8
0,88452.0,4475,9
0,88452.0,4475,10
0,88452.0,4475,11
0,88452.0,4475,12
0,88452.0,4476,1
0,88452.0,4476,2
0,88452.0,4476,3
0,88452.0,4476,4
0,88452.0,4476,5
0,88452.0,4476,6
0,88452.0,4476,7
0,88452.0,4476,8
0,88452.0,4476,9
0,88452.0,4476,10
0,88452.0,4476,11
0,88452.0,4476,12
0,88452.0,4483,1
0,88452.0,4483,2
0,88452.0,4483,3
0,88452.0,4483,4
0,88452.0,4483,5
0,88452.0,4483,6
0,88452.0,4483,7
0,88452.0,4483,8
0,88452.0,4483,9
0,88452.0,4483,10
0,88452.0,4483,11
0,88452.0,4483,12
0,88199.0,4473,1
0,88199.0,4473,2
0,88199.0,4473,3
0,88199.0,4473,4
0,88199.0,4473,5
0,88199.0,4473,6
0,88199.0,4473,7
0,88199.0,4473,8
0,88199.0,4473,9
0,88199.0,4473,10
0,88199.0,4473,11
0,88199.0,4473,12
0,88199.0,4474,1
0,88199.0,4474,2
0,88199.0,4474,3
0,88199.0,4474,4
0,88199.0,4474,5
0,88199.0,4474,6
0,88199.0,4474,7
0,88199.0,4474,8
0,88199.0,4474,9
0,88199.0,4474,10
0,88199.0,4474,11
0,88199.0,4474,12
0,88199.0,4483,1
0,88199.0,4483,2
0,88199.0,4483,3
0,88199.0,4483,4
0,88199.0,4483,5
0,88199.0,4483,6
0,88199.0,4483,7
0,88199.0,4483,8
0,88199.0,4483,9
0,88199.0,4483,10
0,88199.0,4483,11
0,88199.0,4483,12
0,88705.0,4476,1
0,88705.0,4476,2
0,88705.0,4476,3
0,88705.0,4476,4
0,88705.0,4476,5
0,88705.0,4476,6
0,88705.0,4476,7
0,88705.0,4476,8
0,88705.0,4476,9
0,88705.0,4476,10
0,88705.0,4476,11
0,88705.0,4476,12
0,88705.0,4477,1
0,88705.0,4477,2
0,88705.0,4477,3
0,88705.0,4477,4
0,88705.0,4477,5
0,88705.0,4477,6
0,88705.0,4477,7
0,88705.0,4477,8
0,88705.0,4477,9
0,88705.0,4477,10
0,88705.0,4477,11
0,88705.0,4477,12
0,88958.0,4478,1
0,88958.0,4478,2
0,88958.0,4478,3
0,88958.0,4478,4
0,88958.0,4478,5
0,88958.0,4478,6
0,88958.0,4478,7
0,88958.0,4478,8
0,88958.0,4478,9
0,88958.0,4478,10
0,88958.0,4478,11
0,88958.0,4478,12
0,88958.0,4479,1
0,88958.0,4479,2
0,88958.0,4479,3
0,88958.0,4479,4
0,88958.0,4479,5
0,88958.0,4479,6
0,88958.0,4479,7
0,88958.0,4479,8
0,88958.0,4479,9
0,88958.0,4479,10
0,88958.0,4479,11
0,88958.0,4479,12
0,89211.0,4479,1
0,89211.0,4479,2
0,89211.0,4479,3
0,89211.0,4479,4
0,89211.0,4479,5
0,89211.0,4479,6
0,89211.0,4479,7
0,89211.0,4479,8
0,89211.0,4479,9
0,89211.0,4479,10
0,89211.0,4479,11
0,89211.0,4479,12
0,89211.0,4480,1
0,89211.0,4480,2
0,89211.0,4480,3
0,89211.0,4480,4
0,89211.0,4480,5
0,89211.0,4480,6
0,89211.0,4480,7
0,89211.0,4480,8
0,89211.0,4480,9
0,89211.0,4480,10
0,89211.0,4480,11
0,89211.0,4480,12
0,89211.0,4481,1
0,89211.0,4481,2
0,89211.0,4481,3
0,89211.0,4481,4
0,89211.0,4481,5
0,89211.0,4481,6
0,89211.0,4481,7
0,89211.0,4481,8
0,89211.0,4481,9
0,89211.0,4481,10
0,89211.0,4481,11
0,89211.0,4481,12
0,88200.0,4483,1
0,88200.0,4483,2
0,88200.0,4483,3
0,88200.0,4483,4
0,88200.0,4483,5
0,88200.0,4483,6
0,88200.0,4483,7
0,88200.0,4483,8
0,88200.0,4483,9
0,88200.0,4483,10
0,88200.0,4483,11
0,88200.0,4483,12
0,88453.0,4483,1
0,88453.0,4483,2
0,88453.0,4483,3
0,88453.0,4483,4
0,88453.0,4483,5
0,88453.0,4483,6
0,88453.0,4483,7
0,88453.0,4483,8
0,88453.0,4483,9
0,88453.0,4483,10
0,88453.0,4483,11
0,88453.0,4483,12
0,85409.0,4507,1
0,85409.0,4507,2
0,85409.0,4507,3
0,85409.0,4507,4
0,85409.0,4507,5
0,85409.0,4507,6
0,85409.0,4507,7
0,85409.0,4507,8
0,85409.0,4507,9
0,85409.0,4507,10
0,85409.0,4507,11
0,85409.0,4507,12
0,85156.0,4507,1
0,85156.0,4507,2
0,85156.0,4507,3
0,85156.0,4507,4
0,85156.0,4507,5
0,85156.0,4507,6
0,85156.0,4507,7
0,85156.0,4507,8
0,85156.0,4507,9
0,85156.0,4507,10
0,85156.0,4507,11
0,85156.0,4507,12
0,85156.0,4508,1
0,85156.0,4508,2
0,85156.0,4508,3
0,85156.0,4508,4
0,85156.0,4508,5
0,85156.0,4508,6
0,85156.0,4508,7
0,85156.0,4508,8
0,85156.0,4508,9
0,85156.0,4508,10
0,85156.0,4508,11
0,85156.0,4508,12
0,85156.0,4510,1
0,85156.0,4510,2
0,85156.0,4510,3
0,85156.0,4510,4
0,85156.0,4510,5
0,85156.0,4510,6
0,85156.0,4510,7
0,85156.0,4510,8
0,85156.0,4510,9
0,85156.0,4510,10
0,85156.0,4510,11
0,85156.0,4510,12
0,85156.0,4512,1
0,85156.0,4512,2
0,85156.0,4512,3
0,85156.0,4512,4
0,85156.0,4512,5
0,85156.0,4512,6
0,85156.0,4512,7
0,85156.0,4512,8
0,85156.0,4512,9
0,85156.0,4512,10
0,85156.0,4512,11
0,85156.0,4512,12
0,85156.0,4513,1
0,85156.0,4513,2
0,85156.0,4513,3
0,85156.0,4513,4
0,85156.0,4513,5
0,85156.0,4513,6
0,85156.0,4513,7
0,85156.0,4513,8
0,85156.0,4513,9
0,85156.0,4513,10
0,85156.0,4513,11
0,85156.0,4513,12
0,85408.0,4507,1
0,85408.0,4507,2
0,85408.0,4507,3
0,85408.0,4507,4
0,85408.0,4507,5
0,85408.0,4507,6
0,85408.0,4507,7
0,85408.0,4507,8
0,85408.0,4507,9
0,85408.0,4507,10
0,85408.0,4507,11
0,85408.0,4507,12
0,85157.0,4510,1
0,85157.0,4510,2
0,85157.0,4510,3
0,85157.0,4510,4
0,85157.0,4510,5
0,85157.0,4510,6
0,85157.0,4510,7
0,85157.0,4510,8
0,85157.0,4510,9
0,85157.0,4510,10
0,85157.0,4510,11
0,85157.0,4510,12
0,85157.0,4512,1
0,85157.0,4512,2
0,85157.0,4512,3
0,85157.0,4512,4
0,85157.0,4512,5
0,85157.0,4512,6
0,85157.0,4512,7
0,85157.0,4512,8
0,85157.0,4512,9
0,85157.0,4512,10
0,85157.0,4512,11
0,85157.0,4512,12
0,85157.0,4513,1
0,85157.0,4513,2
0,85157.0,4513,3
0,85157.0,4513,4
0,85157.0,4513,5
0,85157.0,4513,6
0,85157.0,4513,7
0,85157.0,4513,8
0,85157.0,4513,9
0,85157.0,4513,10
0,85157.0,4513,11
0,85157.0,4513,12
0,84905.0,4512,1
0,84905.0,4512,2
0,84905.0,4512,3
0,84905.0,4512,4
0,84905.0,4512,5
0,84905.0,4512,6
0,84905.0,4512,7
0,84905.0,4512,8
0,84905.0,4512,9
0,84905.0,4512,10
0,84905.0,4512,11
0,84905.0,4512,12
0,84905.0,4514,1
0,84905.0,4514,2
0,84905.0,4514,3
0,84905.0,4514,4
0,84905.0,4514,5
0,84905.0,4514,6
0,84905.0,4514,7
0,84905.0,4514,8
0,84905.0,4514,9
0,84905.0,4514,10
0,84905.0,4514,11
0,84905.0,4514,12
0,84905.0,4515,1
0,84905.0,4515,2
0,84905.0,4515,3
0,84905.0,4515,4
0,84905.0,4515,5
0,84905.0,4515,6
0,84905.0,4515,7
0,84905.0,4515,8
0,84905.0,4515,9
0,84905.0,4515,10
0,84905.0,4515,11
0,84905.0,4515,12
0,84905.0,4516,1
0,84905.0,4516,2
0,84905.0,4516,3
0,84905.0,4516,4
0,84905.0,4516,5
0,84905.0,4516,6
0,84905.0,4516,7
0,84905.0,4516,8
0,84905.0,4516,9
0,84905.0,4516,10
0,84905.0,4516,11
0,84905.0,4516,12
0,85158.0,4512,1
0,85158.0,4512,2
0,85158.0,4512,3
0,85158.0,4512,4
0,85158.0,4512,5
0,85158.0,4512,6
0,85158.0,4512,7
0,85158.0,4512,8
0,85158.0,4512,9
0,85158.0,4512,10
0,85158.0,4512,11
0,85158.0,4512,12
0,84652.0,4516,1
0,84652.0,4516,2
0,84652.0,4516,3
0,84652.0,4516,4
0,84652.0,4516,5
0,84652.0,4516,6
0,84652.0,4516,7
0,84652.0,4516,8
0,84652.0,4516,9
0,84652.0,4516,10
0,84652.0,4516,11
0,84652.0,4516,12
0,84652.0,4521,1
0,84652.0,4521,2
0,84652.0,4521,3
0,84652.0,4521,4
0,84652.0,4521,5
0,84652.0,4521,6
0,84652.0,4521,7
0,84652.0,4521,8
0,84652.0,4521,9
0,84652.0,4521,10
0,84652.0,4521,11
0,84652.0,4521,12
0,84906.0,4520,1
0,84906.0,4520,2
0,84906.0,4520,3
0,84906.0,4520,4
0,84906.0,4520,5
0,84906.0,4520,6
0,84906.0,4520,7
0,84906.0,4520,8
0,84906.0,4520,9
0,84906.0,4520,10
0,84906.0,4520,11
0,84906.0,4520,12
0,84653.0,4520,1
0,84653.0,4520,2
0,84653.0,4520,3
0,84653.0,4520,4
0,84653.0,4520,5
0,84653.0,4520,6
0,84653.0,4520,7
0,84653.0,4520,8
0,84653.0,4520,9
0,84653.0,4520,10
0,84653.0,4520,11
0,84653.0,4520,12
0,84653.0,4521,1
0,84653.0,4521,2
0,84653.0,4521,3
0,84653.0,4521,4
0,84653.0,4521,5
0,84653.0,4521,6
0,84653.0,4521,7
0,84653.0,4521,8
0,84653.0,4521,9
0,84653.0,4521,10
0,84653.0,4521,11
0,84653.0,4521,12
0,84654.0,4520,1
0,84654.0,4520,2
0,84654.0,4520,3
0,84654.0,4520,4
0,84654.0,4520,5
0,84654.0,4520,6
0,84654.0,4520,7
0,84654.0,4520,8
0,84654.0,4520,9
0,84654.0,4520,10
0,84654.0,4520,11
0,84654.0,4520,12
0,84401.0,4530,1
0,84401.0,4530,2
0,84401.0,4530,3
0,84401.0,4530,4
0,84401.0,4530,5
0,84401.0,4530,6
0,84401.0,4530,7
0,84401.0,4530,8
0,84401.0,4530,9
0,84401.0,4530,10
0,84401.0,4530,11
0,84401.0,4530,12
0,84401.0,4531,1
0,84401.0,4531,2
0,84401.0,4531,3
0,84401.0,4531,4
0,84401.0,4531,5
0,84401.0,4531,6
0,84401.0,4531,7
0,84401.0,4531,8
0,84401.0,4531,9
0,84401.0,4531,10
0,84401.0,4531,11
0,84401.0,4531,12
0,83395.0,4532,1
0,83395.0,4532,2
0,83395.0,4532,3
0,83395.0,4532,4
0,83395.0,4532,5
0,83395.0,4532,6
0,83395.0,4532,7
0,83395.0,4532,8
0,83395.0,4532,9
0,83395.0,4532,10
0,83395.0,4532,11
0,83395.0,4532,12
0,83395.0,4533,1
0,83395.0,4533,2
0,83395.0,4533,3
0,83395.0,4533,4
0,83395.0,4533,5
0,83395.0,4533,6
0,83395.0,4533,7
0,83395.0,4533,8
0,83395.0,4533,9
0,83395.0,4533,10
0,83395.0,4533,11
0,83395.0,4533,12
0,84403.0,4535,1
0,84403.0,4535,2
0,84403.0,4535,3
0,84403.0,4535,4
0,84403.0,4535,5
0,84403.0,4535,6
0,84403.0,4535,7
0,84403.0,4535,8
0,84403.0,4535,9
0,84403.0,4535,10
0,84403.0,4535,11
0,84403.0,4535,12
0,82889.0,4570,1
0,82889.0,4570,2
0,82889.0,4570,3
0,82889.0,4570,4
0,82889.0,4570,5
0,82889.0,4570,6
0,82889.0,4570,7
0,82889.0,4570,8
0,82889.0,4570,9
0,82889.0,4570,10
0,82889.0,4570,11
0,82889.0,4570,12
0,78636.0,10031,1
0,78636.0,10031,2
0,78636.0,10031,3
0,78636.0,10031,4
0,78636.0,10031,5
0,78636.0,10031,6
0,78636.0,10031,7
0,78636.0,10031,8
0,78636.0,10031,9
0,78636.0,10031,10
0,78636.0,10031,11
0,78636.0,10031,12
0,78636.0,10032,1
0,78636.0,10032,2
0,78636.0,10032,3
0,78636.0,10032,4
0,78636.0,10032,5
0,78636.0,10032,6
0,78636.0,10032,7
0,78636.0,10032,8
0,78636.0,10032,9
0,78636.0,10032,10
0,78636.0,10032,11
0,78636.0,10032,12
0,78636.0,10033,1
0,78636.0,10033,2
0,78636.0,10033,3
0,78636.0,10033,4
0,78636.0,10033,5
0,78636.0,10033,6
0,78636.0,10033,7
0,78636.0,10033,8
0,78636.0,10033,9
0,78636.0,10033,10
0,78636.0,10033,11
0,78636.0,10033,12
0,77091.0,10034,1
0,77091.0,10034,2
0,77091.0,10034,3
0,77091.0,10034,4
0,77091.0,10034,5
0,77091.0,10034,6
0,77091.0,10034,7
0,77091.0,10034,8
0,77091.0,10034,9
0,77091.0,10034,10
0,77091.0,10034,11
0,77091.0,10034,12
0,77091.0,10036,1
0,77091.0,10036,2
0,77091.0,10036,3
0,77091.0,10036,4
0,77091.0,10036,5
0,77091.0,10036,6
0,77091.0,10036,7
0,77091.0,10036,8
0,77091.0,10036,9
0,77091.0,10036,10
0,77091.0,10036,11
0,77091.0,10036,12
0,77091.0,10036,1
0,77091.0,10036,2
0,77091.0,10036,3
0,77091.0,10036,4
0,77091.0,10036,5
0,77091.0,10036,6
0,77091.0,10036,7
0,77091.0,10036,8
0,77091.0,10036,9
0,77091.0,10036,10
0,77091.0,10036,11
0,77091.0,10036,12
0,77344.0,10036,1
0,77344.0,10036,2
0,77344.0,10036,3
0,77344.0,10036,4
0,77344.0,10036,5
0,77344.0,10036,6
0,77344.0,10036,7
0,77344.0,10036,8
0,77344.0,10036,9
0,77344.0,10036,10
0,77344.0,10036,11
0,77344.0,10036,12
0,77344.0,10036,1
0,77344.0,10036,2
0,77344.0,10036,3
0,77344.0,10036,4
0,77344.0,10036,5
0,77344.0,10036,6
0,77344.0,10036,7
0,77344.0,10036,8
0,77344.0,10036,9
0,77344.0,10036,10
0,77344.0,10036,11
0,77344.0,10036,12
0,77345.0,10036,1
0,77345.0,10036,2
0,77345.0,10036,3
0,77345.0,10036,4
0,77345.0,10036,5
0,77345.0,10036,6
0,77345.0,10036,7
0,77345.0,10036,8
0,77345.0,10036,9
0,77345.0,10036,10
0,77345.0,10036,11
0,77345.0,10036,12
0,77345.0,10036,1
0,77345.0,10036,2
0,77345.0,10036,3
0,77345.0,10036,4
0,77345.0,10036,5
0,77345.0,10036,6
0,77345.0,10036,7
0,77345.0,10036,8
0,77345.0,10036,9
0,77345.0,10036,10
0,77345.0,10036,11
0,77345.0,10036,12
0,77598.0,10039,1
0,77598.0,10039,2
0,77598.0,10039,3
0,77598.0,10039,4
0,77598.0,10039,5
0,77598.0,10039,6
0,77598.0,10039,7
0,77598.0,10039,8
0,77598.0,10039,9
0,77598.0,10039,10
0,77598.0,10039,11
0,77598.0,10039,12
0,77852.0,10042,1
0,77852.0,10042,2
0,77852.0,10042,3
0,77852.0,10042,4
0,77852.0,10042,5
0,77852.0,10042,6
0,77852.0,10042,7
0,77852.0,10042,8
0,77852.0,10042,9
0,77852.0,10042,10
0,77852.0,10042,11
0,77852.0,10042,12
0,77852.0,10043,1
0,77852.0,10043,2
0,77852.0,10043,3
0,77852.0,10043,4
0,77852.0,10043,5
0,77852.0,10043,6
0,77852.0,10043,7
0,77852.0,10043,8
0,77852.0,10043,9
0,77852.0,10043,10
0,77852.0,10043,11
0,77852.0,10043,12
0,77853.0,10042,1
0,77853.0,10042,2
0,77853.0,10042,3
0,77853.0,10042,4
0,77853.0,10042,5
0,77853.0,10042,6
0,77853.0,10042,7
0,77853.0,10042,8
0,77853.0,10042,9
0,77853.0,10042,10
0,77853.0,10042,11
0,77853.0,10042,12
0,77853.0,10043,1
0,77853.0,10043,2
0,77853.0,10043,3
0,77853.0,10043,4
0,77853.0,10043,5
0,77853.0,10043,6
0,77853.0,10043,7
0,77853.0,10043,8
0,77853.0,10043,9
0,77853.0,10043,10
0,77853.0,10043,11
0,77853.0,10043,12
0,77853.0,10045,1
0,77853.0,10045,2
0,77853.0,10045,3
0,77853.0,10045,4
0,77853.0,10045,5
0,77853.0,10045,6
0,77853.0,10045,7
0,77853.0,10045,8
0,77853.0,10045,9
0,77853.0,10045,10
0,77853.0,10045,11
0,77853.0,10045,12
0,78107.0,10047,1
0,78107.0,10047,2
0,78107.0,10047,3
0,78107.0,10047,4
0,78107.0,10047,5
0,78107.0,10047,6
0,78107.0,10047,7
0,78107.0,10047,8
0,78107.0,10047,9
0,78107.0,10047,10
0,78107.0,10047,11
0,78107.0,10047,12
0,78107.0,10048,1
0,78107.0,10048,2
0,78107.0,10048,3
0,78107.0,10048,4
0,78107.0,10048,5
0,78107.0,10048,6
0,78107.0,10048,7
0,78107.0,10048,8
0,78107.0,10048,9
0,78107.0,10048,10
0,78107.0,10048,11
0,78107.0,10048,12
0,78107.0,10049,1
0,78107.0,10049,2
0,78107.0,10049,3
0,78107.0,10049,4
0,78107.0,10049,5
0,78107.0,10049,6
0,78107.0,10049,7
0,78107.0,10049,8
0,78107.0,10049,9
0,78107.0,10049,10
0,78107.0,10049,11
0,78107.0,10049,12
0,78361.0,10049,1
0,78361.0,10049,2
0,78361.0,10049,3
0,78361.0,10049,4
0,78361.0,10049,5
0,78361.0,10049,6
0,78361.0,10049,7
0,78361.0,10049,8
0,78361.0,10049,9
0,78361.0,10049,10
0,78361.0,10049,11
0,78361.0,10049,12
0,78361.0,10050,1
0,78361.0,10050,2
0,78361.0,10050,3
0,78361.0,10050,4
0,78361.0,10050,5
0,78361.0,10050,6
0,78361.0,10050,7
0,78361.0,10050,8
0,78361.0,10050,9
0,78361.0,10050,10
0,78361.0,10050,11
0,78361.0,10050,12
0,78361.0,10051,1
0,78361.0,10051,2
0,78361.0,10051,3
0,78361.0,10051,4
0,78361.0,10051,5
0,78361.0,10051,6
0,78361.0,10051,7
0,78361.0,10051,8
0,78361.0,10051,9
0,78361.0,10051,10
0,78361.0,10051,11
0,78361.0,10051,12
0,78360.0,10050,1
0,78360.0,10050,2
0,78360.0,10050,3
0,78360.0,10050,4
0,78360.0,10050,5
0,78360.0,10050,6
0,78360.0,10050,7
0,78360.0,10050,8
0,78360.0,10050,9
0,78360.0,10050,10
0,78360.0,10050,11
0,78360.0,10050,12
0,78360.0,10051,1
0,78360.0,10051,2
0,78360.0,10051,3
0,78360.0,10051,4
0,78360.0,10051,5
0,78360.0,10051,6
0,78360.0,10051,7
0,78360.0,10051,8
0,78360.0,10051,9
0,78360.0,10051,10
0,78360.0,10051,11
0,78360.0,10051,12
0,76831.0,10056,1
0,76831.0,10056,2
0,76831.0,10056,3
0,76831.0,10056,4
0,76831.0,10056,5
0,76831.0,10056,6
0,76831.0,10056,7
0,76831.0,10056,8
0,76831.0,10056,9
0,76831.0,10056,10
0,76831.0,10056,11
0,76831.0,10056,12
0,76831.0,10057,1
0,76831.0,10057,2
0,76831.0,10057,3
0,76831.0,10057,4
0,76831.0,10057,5
0,76831.0,10057,6
0,76831.0,10057,7
0,76831.0,10057,8
0,76831.0,10057,9
0,76831.0,10057,10
0,76831.0,10057,11
0,76831.0,10057,12
0,76832.0,10056,1
0,76832.0,10056,2
0,76832.0,10056,3
0,76832.0,10056,4
0,76832.0,10056,5
0,76832.0,10056,6
0,76832.0,10056,7
0,76832.0,10056,8
0,76832.0,10056,9
0,76832.0,10056,10
0,76832.0,10056,11
0,76832.0,10056,12
0,76326.0,10060,1
0,76326.0,10060,2
0,76326.0,10060,3
0,76326.0,10060,4
0,76326.0,10060,5
0,76326.0,10060,6
0,76326.0,10060,7
0,76326.0,10060,8
0,76326.0,10060,9
0,76326.0,10060,10
0,76326.0,10060,11
0,76326.0,10060,12
0,76073.0,10060,1
0,76073.0,10060,2
0,76073.0,10060,3
0,76073.0,10060,4
0,76073.0,10060,5
0,76073.0,10060,6
0,76073.0,10060,7
0,76073.0,10060,8
0,76073.0,10060,9
0,76073.0,10060,10
0,76073.0,10060,11
0,76073.0,10060,12
0,76072.0,10060,1
0,76072.0,10060,2
0,76072.0,10060,3
0,76072.0,10060,4
0,76072.0,10060,5
0,76072.0,10060,6
0,76072.0,10060,7
0,76072.0,10060,8
0,76072.0,10060,9
0,76072.0,10060,10
0,76072.0,10060,11
0,76072.0,10060,12
0,78904.0,10353,1
0,78904.0,10353,2
0,78904.0,10353,3
0,78904.0,10353,4
0,78904.0,10353,5
0,78904.0,10353,6
0,78904.0,10353,7
0,78904.0,10353,8
0,78904.0,10353,9
0,78904.0,10353,10
0,78904.0,10353,11
0,78904.0,10353,12
0,59254.0,10450,1
0,59254.0,10450,2
0,59254.0,10450,3
0,59254.0,10450,4
0,59254.0,10450,5
0,59254.0,10450,6
0,59254.0,10450,7
0,59254.0,10450,8
0,59254.0,10450,9
0,59254.0,10450,10
0,59254.0,10450,11
0,59254.0,10450,12
0,59254.0,10451,1
0,59254.0,10451,2
0,59254.0,10451,3
0,59254.0,10451,4
0,59254.0,10451,5
0,59254.0,10451,6
0,59254.0,10451,7
0,59254.0,10451,8
0,59254.0,10451,9
0,59254.0,10451,10
0,59254.0,10451,11
0,59254.0,10451,12
0,59255.0,10450,1
0,59255.0,10450,2
0,59255.0,10450,3
0,59255.0,10450,4
0,59255.0,10450,5
0,59255.0,10450,6
0,59255.0,10450,7
0,59255.0,10450,8
0,59255.0,10450,9
0,59255.0,10450,10
0,59255.0,10450,11
0,59255.0,10450,12
0,59000.0,10451,1
0,59000.0,10451,2
0,59000.0,10451,3
0,59000.0,10451,4
0,59000.0,10451,5
0,59000.0,10451,6
0,59000.0,10451,7
0,59000.0,10451,8
0,59000.0,10451,9
0,59000.0,10451,10
0,59000.0,10451,11
0,59000.0,10451,12
0,59000.0,10458,1
0,59000.0,10458,2
0,59000.0,10458,3
0,59000.0,10458,4
0,59000.0,10458,5
0,59000.0,10458,6
0,59000.0,10458,7
0,59000.0,10458,8
0,59000.0,10458,9
0,59000.0,10458,10
0,59000.0,10458,11
0,59000.0,10458,12
0,70416.0,10476,1
0,70416.0,10476,2
0,70416.0,10476,3
0,70416.0,10476,4
0,70416.0,10476,5
0,70416.0,10476,6
0,70416.0,10476,7
0,70416.0,10476,8
0,70416.0,10476,9
0,70416.0,10476,10
0,70416.0,10476,11
0,70416.0,10476,12
0,69908.0,10477,1
0,69908.0,10477,2
0,69908.0,10477,3
0,69908.0,10477,4
0,69908.0,10477,5
0,69908.0,10477,6
0,69908.0,10477,7
0,69908.0,10477,8
0,69908.0,10477,9
0,69908.0,10477,10
0,69908.0,10477,11
0,69908.0,10477,12
0,69908.0,10477,1
0,69908.0,10477,2
0,69908.0,10477,3
0,69908.0,10477,4
0,69908.0,10477,5
0,69908.0,10477,6
0,69908.0,10477,7
0,69908.0,10477,8
0,69908.0,10477,9
0,69908.0,10477,10
0,69908.0,10477,11
0,69908.0,10477,12
0,70163.0,10477,1
0,70163.0,10477,2
0,70163.0,10477,3
0,70163.0,10477,4
0,70163.0,10477,5
0,70163.0,10477,6
0,70163.0,10477,7
0,70163.0,10477,8
0,70163.0,10477,9
0,70163.0,10477,10
0,70163.0,10477,11
0,70163.0,10477,12
0,70163.0,10477,1
0,70163.0,10477,2
0,70163.0,10477,3
0,70163.0,10477,4
0,70163.0,10477,5
0,70163.0,10477,6
0,70163.0,10477,7
0,70163.0,10477,8
0,70163.0,10477,9
0,70163.0,10477,10
0,70163.0,10477,11
0,70163.0,10477,12
0,85917.0,10587,1
0,85917.0,10587,2
0,85917.0,10587,3
0,85917.0,10587,4
0,85917.0,10587,5
0,85917.0,10587,6
0,85917.0,10587,7
0,85917.0,10587,8
0,85917.0,10587,9
0,85917.0,10587,10
0,85917.0,10587,11
0,85917.0,10587,12
0,85917.0,10588,1
0,85917.0,10588,2
0,85917.0,10588,3
0,85917.0,10588,4
0,85917.0,10588,5
0,85917.0,10588,6
0,85917.0,10588,7
0,85917.0,10588,8
0,85917.0,10588,9
0,85917.0,10588,10
0,85917.0,10588,11
0,85917.0,10588,12
0,85917.0,10589,1
0,85917.0,10589,2
0,85917.0,10589,3
0,85917.0,10589,4
0,85917.0,10589,5
0,85917.0,10589,6
0,85917.0,10589,7
0,85917.0,10589,8
0,85917.0,10589,9
0,85917.0,10589,10
0,85917.0,10589,11
0,85917.0,10589,12
0,97298.0,10721,1
0,97298.0,10721,2
0,97298.0,10721,3
0,97298.0,10721,4
0,97298.0,10721,5
0,97298.0,10721,6
0,97298.0,10721,7
0,97298.0,10721,8
0,97298.0,10721,9
0,97298.0,10721,10
0,97298.0,10721,11
0,97298.0,10721,12
0,97298.0,10722,1
0,97298.0,10722,2
0,97298.0,10722,3
0,97298.0,10722,4
0,97298.0,10722,5
0,97298.0,10722,6
0,97298.0,10722,7
0,97298.0,10722,8
0,97298.0,10722,9
0,97298.0,10722,10
0,97298.0,10722,11
0,97298.0,10722,12
0,97063.0,10750,1
0,97063.0,10750,2
0,97063.0,10750,3
0,97063.0,10750,4
0,97063.0,10750,5
0,97063.0,10750,6
0,97063.0,10750,7
0,97063.0,10750,8
0,97063.0,10750,9
0,97063.0,10750,10
0,97063.0,10750,11
0,97063.0,10750,12
