date,STORAGE_IN,CONSTANT_HEAD_IN,WELLS_IN,HEAD_DEP_BOUNDS_IN,STREAM_LEAKAGE_IN,LAKE__SEEPAGE_IN,UZF_RECHARGE_IN,GW_ET_IN,SURFACE_LEAKAGE_IN,MNW2_IN,AG_WELLS_IN,TOTAL_IN,STORAGE_OUT,CONSTANT_HEAD_OUT,WELLS_OUT,HEAD_DEP_BOUNDS_OUT,STREAM_LEAKAGE_OUT,LAKE__SEEPAGE_OUT,UZF_RECHARGE_OUT,GW_ET_OUT,SURFACE_LEAKAGE_OUT,MNW2_OUT,AG_WELLS_OUT,TOTAL_OUT,IN-OUT,PERCENT_DISCREPANCY
1990-01-08,1505711.5,0.0,0.0,6538733.0,2310959.5,216882.6,42314564.0,0.0,0.0,981.2049,0.0,52887830.0,44885144.0,0.0,17898.48,4266662.5,2242998.2,134187.06,0.0,13684.075,891769.3,141337.38,0.0,52593684.0,294148.0,0.56
1990-01-14,1435276.6,0.0,0.0,6522921.0,5425773.5,247702.69,7172662.5,0.0,0.0,1253.1622,0.0,20805590.0,13007306.0,0.0,17909.062,4273127.0,1960271.6,78205.125,0.0,495.309,957108.5,141656.03,0.0,20436080.0,369510.0,1.79
1990-02-01,1079961.4,0.0,0.0,6527738.5,951480.2,168924.27,1047919.5,0.0,0.0,1285.0093,0.0,9777309.0,1643529.0,0.0,17948.4,4263775.5,2653061.2,39241.13,0.0,427.8109,1005619.06,141710.45,0.0,9765312.0,11997.0,0.12
1990-03-01,1349771.0,0.0,0.0,6523176.0,625285.25,156598.38,1204930.6,0.0,0.0,1372.0573,0.0,9861133.0,1171359.2,0.0,18055.873,4265023.0,3160116.2,26806.332,0.0,12253.674,1078632.5,136259.4,0.0,9868505.0,-7372.0,-0.07
1990-04-01,1323050.0,0.0,0.0,6527188.0,449107.7,161289.12,589803.0,0.0,0.0,1395.9457,0.0,9051834.0,551087.4,0.0,18040.004,4251447.0,2922853.2,17894.371,0.0,84438.945,1074599.4,142554.95,0.0,9062916.0,-11082.0,-0.12
1990-05-01,1524946.1,0.0,0.0,6545848.0,450592.25,176078.5,329721.66,0.0,0.0,1394.1396,0.0,9028580.0,256742.44,0.0,21448.404,4231875.5,2726977.5,12152.614,0.0,560287.9,1034909.06,188315.92,2476.7798,9035187.0,-6607.0,-0.07
1990-05-28,981634.0,0.0,0.0,6546965.5,3424705.5,228547.78,1212541.5,0.0,0.0,1565.4827,0.0,12395959.0,4450523.5,0.0,29988.139,4227286.0,2316799.5,3809.4075,0.0,3993.3984,1031984.25,203661.7,0.0,12268046.0,127913.0,1.04
1990-05-29,1376765.9,0.0,0.0,6547247.5,1828010.2,197507.23,1365022.1,0.0,0.0,1499.9078,0.0,11316053.0,2826886.5,0.0,29983.969,4229597.0,2815030.5,7820.0576,0.0,14666.669,1040866.7,203637.66,0.0,11168490.0,147563.0,1.31
1990-06-01,946620.56,0.0,0.0,6548920.0,855909.94,187405.84,726676.56,0.0,0.0,1451.8861,0.0,9266985.0,962721.7,0.0,29971.482,4230192.0,2760393.5,10905.005,0.0,11101.841,1050906.2,203605.28,0.0,9259797.0,7188.0,0.08
1990-07-01,1439057.4,0.0,0.0,6558225.5,455545.47,181423.0,242331.83,0.0,0.0,1393.7253,0.0,8877977.0,117253.44,0.0,37475.547,4221457.5,2617855.5,5419.468,0.0,538328.6,1018793.25,222838.72,110366.99,8889789.0,-11812.0,-0.13
1990-08-01,1323281.9,0.0,0.0,6570850.5,479770.06,176640.7,187455.05,0.0,0.0,1390.2089,0.0,8739388.0,58480.797,0.0,42257.94,4211600.0,2507157.0,6982.061,0.0,590578.8,986691.44,250620.11,111260.94,8765629.0,-26241.0,-0.3
1990-09-01,1136575.8,0.0,0.0,6572101.5,483530.34,175263.08,160009.1,0.0,0.0,1381.526,0.0,8528862.0,49570.3,0.0,42204.156,4208175.0,2474316.0,10215.073,0.0,440179.03,974625.94,248072.84,107471.586,8554830.0,-25968.0,-0.3
1990-10-01,1053797.8,0.0,0.0,6568872.0,506617.7,176056.83,150046.95,0.0,0.0,1378.1646,0.0,8456769.0,60077.55,0.0,38060.184,4207694.0,2464261.5,3872.646,0.0,397583.66,971886.56,234990.67,99116.195,8477542.0,-20773.0,-0.25
1990-11-01,796569.5,0.0,0.0,6558674.0,822148.3,180820.77,151726.61,0.0,0.0,1412.5852,0.0,8511353.0,634378.2,0.0,30186.434,4213984.0,2379672.8,3293.8015,0.0,67055.14,981713.94,209058.9,858.428,8520201.0,-8848.0,-0.1
1990-12-01,836032.56,0.0,0.0,6547545.0,462873.22,161144.73,143989.66,0.0,0.0,1406.9901,0.0,8152991.5,129449.44,0.0,20858.834,4220711.0,2517438.0,3020.6067,0.0,111617.89,991733.6,172560.44,75.6115,8167465.5,-14474.0,-0.18
1991-01-01,777036.44,0.0,0.0,6543371.5,445668.53,165322.16,144235.05,0.0,0.0,1382.9012,0.0,8077016.5,135728.05,0.0,17527.139,4223330.5,2518366.2,2721.63,0.0,30872.156,1005029.25,166589.14,23.7739,8100188.0,-23171.5,-0.29
1991-02-01,783563.3,0.0,0.0,6544059.0,435131.62,161566.0,138102.58,0.0,0.0,1404.1289,0.0,8063826.5,88904.58,0.0,17628.3,4222922.5,2497387.8,4175.0483,0.0,72014.48,1008771.3,170146.16,270.2537,8082220.5,-18394.0,-0.23
1991-02-03,687108.94,0.0,0.0,6545928.5,2592260.5,206644.34,459360.2,0.0,0.0,1541.3584,0.0,10492843.0,2895091.5,0.0,17640.732,4224938.5,2169724.5,1895.3839,0.0,3076.8616,1010267.06,170466.9,0.0,10493102.0,-259.0,-0.0
1991-03-01,659890.44,0.0,0.0,6546869.5,1204917.0,175673.42,216195.11,0.0,0.0,1438.905,0.0,8804984.0,1048223.25,0.0,17653.102,4228241.0,2321155.2,1731.6387,0.0,8116.981,1020008.1,170920.81,0.0,8816051.0,-11067.0,-0.13
1991-03-04,946386.5,0.0,0.0,6525894.0,8054430.0,322878.34,2854794.5,0.0,0.0,1782.2982,0.0,18706164.0,10885272.0,0.0,17679.4,4243780.0,1880716.8,1143.7753,0.0,7806.9004,1072756.5,157784.33,0.0,18266938.0,439226.0,2.38
1991-03-05,1100497.6,0.0,0.0,6512419.5,9000952.0,384358.16,4933221.0,0.0,0.0,1985.6779,0.0,21933434.0,13826673.0,0.0,17687.324,4259735.0,1918692.9,943.4866,0.0,3748.9194,1136760.0,158190.3,0.0,21322430.0,611004.0,2.83
1991-03-06,3254554.8,0.0,0.0,6523840.5,1413744.6,230760.3,4293627.5,0.0,0.0,1600.4531,0.0,15718128.0,5500985.5,0.0,17687.021,4266372.5,4615341.0,50126.8,0.0,5427.604,1077609.8,158051.19,0.0,15691602.0,26526.0,0.17
1991-04-01,1711582.9,0.0,0.0,6504976.0,915611.2,258442.19,3016017.2,0.0,0.0,1576.9191,0.0,12408206.0,2819390.5,0.0,17820.938,4297816.0,3881023.8,35851.062,0.0,19561.064,1176280.2,159559.78,0.0,12407303.0,903.0,0.01
1991-05-01,1234268.6,0.0,0.0,6529435.5,474514.03,190305.53,604689.4,0.0,0.0,1474.667,0.0,9034688.0,396686.16,0.0,21267.986,4257755.0,2913305.0,13206.686,0.0,151506.66,1117880.0,172404.02,0.0,9044011.0,-9323.0,-0.1
1991-06-01,1274453.8,0.0,0.0,6549235.0,474741.06,199760.06,364990.06,0.0,0.0,1435.601,0.0,8864616.0,156982.72,0.0,29848.824,4233732.5,2700896.5,8190.072,0.0,360051.03,1066415.6,208882.94,105041.02,8870041.0,-5425.0,-0.06
1991-07-01,1062663.0,0.0,0.0,6557939.5,535952.2,188108.83,280065.47,0.0,0.0,1409.8809,0.0,8626139.0,118332.734,0.0,37391.523,4223155.0,2631524.2,8433.448,0.0,295494.66,1031303.3,226542.39,66923.92,8639101.0,-12962.0,-0.15
1991-08-01,1144956.4,0.0,0.0,6568003.0,475730.16,187407.4,217066.95,0.0,0.0,1394.4054,0.0,8594558.0,41521.996,0.0,42056.61,4215031.0,2493787.8,10104.567,0.0,456235.22,998045.3,249604.92,110077.85,8616465.0,-21907.0,-0.25
1991-09-01,1003613.94,0.0,0.0,6567605.5,486532.88,183392.38,195784.88,0.0,0.0,1388.1813,0.0,8438318.0,27061.633,0.0,42137.668,4212163.0,2434438.2,15382.301,0.0,394539.97,985375.44,237542.64,104674.92,8453316.0,-14998.0,-0.18
1991-10-01,938264.7,0.0,0.0,6564608.5,479411.25,181437.95,182974.83,0.0,0.0,1382.8353,0.0,8348080.0,24393.9,0.0,37990.453,4209541.0,2399553.0,14140.007,0.0,365426.25,978440.7,222895.38,104964.29,8357345.5,-9265.5,-0.11
1991-11-01,814133.1,0.0,0.0,6552727.5,498707.06,177142.4,181748.52,0.0,0.0,1381.9333,0.0,8225840.5,191677.27,0.0,30166.44,4217153.5,2509865.8,4944.823,0.0,81502.86,989755.0,208540.84,721.8121,8234329.0,-8488.5,-0.1
1991-12-01,718327.56,0.0,0.0,6544484.5,464589.75,168061.92,180784.7,0.0,0.0,1404.5155,0.0,8077653.0,145485.66,0.0,20873.023,4223380.5,2486987.0,4000.3333,0.0,37290.78,1003093.0,168005.64,1.8121,8089118.0,-11465.0,-0.14
1991-12-30,575655.5,0.0,0.0,6540727.0,2085847.9,196506.95,1049478.4,0.0,0.0,1530.9336,0.0,10449746.0,2746933.8,0.0,17557.162,4231066.5,2233162.2,1996.8022,0.0,19355.28,1023600.94,156506.81,0.3135,10430180.0,19566.0,0.19
1992-01-01,914189.2,0.0,0.0,6543697.0,689758.7,161780.4,567428.9,0.0,0.0,1447.5062,0.0,8878302.0,671521.2,0.0,17559.02,4230411.0,2747842.8,5558.2183,0.0,21323.201,1028579.7,156213.53,0.2034,8879009.0,-707.0,-0.01
1992-02-01,575286.75,0.0,0.0,6534783.0,719160.0,156320.53,493211.6,0.0,0.0,1459.7754,0.0,8480222.0,468001.78,0.0,17652.05,4241987.5,2525026.5,8646.325,0.0,24578.012,1052271.9,149375.77,0.2372,8487540.0,-7318.0,-0.09
1992-02-12,581636.56,0.0,0.0,6527085.5,3772080.5,237715.72,1829582.2,0.0,0.0,1793.529,0.0,12949894.0,5070728.5,0.0,17659.518,4250004.0,2319012.0,1692.0864,0.0,4098.9897,1075204.4,155036.34,0.0,12893435.0,56459.0,0.44
1992-02-13,493891.38,0.0,0.0,6523811.5,4614638.5,254610.11,2714832.5,0.0,0.0,1826.7634,0.0,14603611.0,6872855.5,0.0,17661.512,4252756.0,2167579.8,6565.6665,0.0,3743.5295,1097606.8,155094.75,0.0,14573865.0,29746.0,0.2
1992-03-01,1458287.9,0.0,0.0,6506348.5,721010.06,226755.73,2262830.5,0.0,0.0,1515.182,0.0,11176749.0,2030426.1,0.0,17784.299,4290513.0,3456052.2,30390.7,0.0,14043.218,1168846.6,155424.34,0.0,11163481.0,13268.0,0.12
1992-04-01,1019394.75,0.0,0.0,6515933.0,620299.56,193791.23,1443329.2,0.0,0.0,1493.8585,0.0,9794242.0,1008451.56,0.0,17817.424,4274668.5,3137666.5,16605.05,0.0,11495.69,1185112.5,147970.03,0.0,9799788.0,-5546.0,-0.06
1992-05-01,1096527.0,0.0,0.0,6533114.5,483228.88,188603.52,690006.9,0.0,0.0,1447.5276,0.0,8992929.0,382167.94,0.0,21240.47,4252378.0,2808531.8,14171.037,0.0,208889.44,1124544.1,182591.38,0.0,8994514.0,-1585.0,-0.02
1992-06-01,1467580.4,0.0,0.0,6555892.5,496204.56,205700.67,459019.06,0.0,0.0,1425.2206,0.0,9185823.0,185591.23,0.0,29781.453,4228887.5,2603481.2,7033.427,0.0,722682.75,1065992.4,227381.47,122737.67,9193568.0,-7745.0,-0.08
1992-07-01,839221.7,0.0,0.0,6558428.0,855206.6,197483.83,401686.44,0.0,0.0,1413.0406,0.0,8853439.0,693664.56,0.0,37348.56,4224380.5,2490959.2,10260.059,0.0,93691.31,1040570.6,238887.69,35838.77,8865602.0,-12163.0,-0.14
1992-08-01,1019482.4,0.0,0.0,6568169.5,490028.0,189208.11,306314.6,0.0,0.0,1399.9401,0.0,8574603.0,61424.492,0.0,42197.74,4216314.5,2447060.0,17602.322,0.0,449103.9,1010646.6,238517.94,111440.32,8594307.0,-19704.0,-0.23
1992-09-01,905610.75,0.0,0.0,6571830.5,487698.12,187959.95,260744.23,0.0,0.0,1386.9775,0.0,8415230.0,53996.996,0.0,42051.426,4212108.0,2400665.2,23107.066,0.0,350575.44,996713.2,251890.8,108139.055,8439248.0,-24018.0,-0.29
1992-10-01,826386.0,0.0,0.0,6567471.5,480749.56,185285.02,235379.11,0.0,0.0,1379.9739,0.0,8296651.0,67197.02,0.0,38009.363,4210855.5,2381403.5,25761.725,0.0,259663.58,991101.3,237785.95,103919.05,8315697.0,-19046.0,-0.23
1992-11-01,755438.94,0.0,0.0,6556726.0,698144.06,174646.16,367393.44,0.0,0.0,1419.604,0.0,8553768.0,567210.3,0.0,30232.818,4216820.0,2608909.0,19092.729,0.0,35740.754,1006171.7,205539.34,378.3974,8690094.0,-136326.0,-1.58
1992-12-01,660100.25,0.0,0.0,6539325.0,468439.5,151758.94,220371.1,0.0,0.0,1390.3922,0.0,8041385.0,114713.12,0.0,20911.08,4227292.5,2445790.8,18707.596,0.0,67609.63,1015220.75,145747.69,1.6971,8055994.0,-14609.0,-0.18
1992-12-08,636595.4,0.0,0.0,6538003.0,1851580.2,163223.7,1249598.5,0.0,0.0,1514.5013,0.0,10440517.0,2616225.5,0.0,17572.41,4229860.5,2280320.0,10345.811,0.0,14457.554,1030200.75,137778.86,0.2305,10336762.0,103755.0,1.0
1992-12-09,591717.06,0.0,0.0,6537094.5,2970376.5,188999.48,1485188.5,0.0,0.0,1635.7015,0.0,11775012.0,3987644.2,0.0,17577.33,4231198.5,2308017.8,7725.5376,0.0,18349.193,1039704.2,137959.72,0.255,11748177.0,26835.0,0.23
1992-12-10,639096.2,0.0,0.0,6528355.0,6422948.0,237053.44,2480408.2,0.0,0.0,1846.1825,0.0,16309706.0,8630781.0,0.0,17582.865,4232669.5,1931917.1,5910.0605,0.0,29376.86,1080574.6,138191.92,0.2925,16067005.0,242701.0,1.5
1992-12-11,1035004.6,0.0,0.0,6530868.0,2794759.5,205659.27,2725460.5,0.0,0.0,1748.0471,0.0,13293500.0,5028573.5,0.0,17585.658,4234449.5,2737604.5,7269.096,0.0,26013.936,1070539.9,138097.73,0.3072,13260133.0,33367.0,0.25
1992-12-12,681367.2,0.0,0.0,6529422.0,2839031.5,172143.72,2917809.8,0.0,0.0,1605.826,0.0,13141380.0,5088536.0,0.0,17588.324,4236730.5,2522194.8,14203.365,0.0,16428.576,1082047.5,137998.78,0.2571,13115729.0,25651.0,0.2
1993-01-01,417740.22,0.0,0.0,6517318.0,7090307.0,362830.16,3008137.5,0.0,0.0,2238.924,0.0,17398570.0,9575592.0,0.0,17718.28,4248608.0,2201849.8,1617.6549,0.0,1311.2571,1175677.1,138896.6,0.0,17361270.0,37300.0,0.21
1993-01-02,424296.2,0.0,0.0,6512266.5,7217345.5,352116.53,4106705.0,0.0,0.0,2253.0918,0.0,18614984.0,10781593.0,0.0,17778.94,4251684.5,2167112.5,1167.1089,0.0,1002.2525,1212902.5,136777.77,0.0,18570018.0,44966.0,0.24
1993-01-21,384114.78,0.0,0.0,6475207.5,10042265.0,653852.56,6149585.5,0.0,0.0,2802.7932,0.0,23707828.0,15463723.0,0.0,17861.768,4285391.0,2205486.0,568.9761,0.0,1971.7594,1471511.5,137332.78,0.0,23583846.0,123982.0,0.52
1993-02-01,1886822.2,0.0,0.0,6496566.5,815229.7,142623.9,3478035.5,0.0,0.0,1590.0178,0.0,12820868.0,2846846.5,0.0,17923.635,4294623.0,4076753.0,76992.81,0.0,8685.086,1360788.2,136119.31,0.0,12818731.0,2137.0,0.02
1993-03-01,1861938.9,0.0,0.0,6489430.0,876979.94,123981.234,3951892.2,0.0,0.0,1619.4064,0.0,13305841.0,2841306.5,0.0,17990.084,4306115.5,4634115.5,85316.05,0.0,12015.392,1421696.1,120194.76,0.0,13438750.0,-132909.0,-0.99
1993-04-01,1107941.9,0.0,0.0,6511139.5,730148.75,153484.45,1776200.9,0.0,0.0,1522.7019,0.0,10280438.0,1246391.5,0.0,18008.54,4278872.0,3243547.5,33383.66,0.0,20949.52,1309583.0,126043.24,0.0,10276780.0,3658.0,0.04
1993-05-01,1336302.0,0.0,0.0,6522513.5,485854.2,152659.75,1215316.4,0.0,0.0,1483.8182,0.0,9714129.0,691505.06,0.0,21486.488,4268493.5,3159103.0,34387.984,0.0,150868.58,1245565.2,147735.38,0.0,9719145.0,-5016.0,-0.05
1993-06-01,760793.5,0.0,0.0,6538987.5,1179644.5,187748.27,1027911.06,0.0,0.0,1515.7743,0.0,9696601.0,1357533.8,0.0,30500.436,4245935.0,2633744.2,14931.501,0.0,20015.27,1198055.5,194118.38,3315.6003,9698150.0,-1549.0,-0.02
1993-07-01,1526951.1,0.0,0.0,6557563.5,456671.1,178077.02,669875.94,0.0,0.0,1437.7798,0.0,9390577.0,287808.6,0.0,38447.6,4230699.0,2754447.2,14626.62,0.0,584450.8,1145199.8,224343.6,120900.32,9400923.0,-10346.0,-0.11
1993-08-01,1496092.1,0.0,0.0,6574077.0,462310.9,180456.55,518344.34,0.0,0.0,1427.3812,0.0,9232708.0,184270.75,0.0,43521.445,4216814.0,2562646.2,9781.049,0.0,785578.44,1087013.2,257984.67,115821.445,9263431.0,-30723.0,-0.33
1993-09-01,1023462.44,0.0,0.0,6570521.5,470645.4,178943.98,449389.0,0.0,0.0,1400.1193,0.0,8694362.0,158321.58,0.0,43533.83,4214468.5,2493922.0,11101.91,0.0,380976.22,1058635.8,257254.12,100050.47,8718264.0,-23902.0,-0.27
1993-10-01,921823.25,0.0,0.0,6565143.5,462665.12,175916.72,407972.66,0.0,0.0,1387.666,0.0,8534909.0,121416.67,0.0,39362.312,4214349.5,2456673.0,6578.893,0.0,333496.78,1043800.0,238501.42,97540.97,8551720.0,-16811.0,-0.2
1993-11-01,870353.75,0.0,0.0,6551276.5,457593.03,163489.12,352865.75,0.0,0.0,1407.671,0.0,8396986.0,145878.25,0.0,31314.793,4223728.0,2534383.8,15105.57,0.0,209057.55,1050090.2,186804.36,5204.35,8401566.0,-4580.0,-0.05
1993-12-01,691101.0,0.0,0.0,6539841.0,958091.4,159939.84,663064.1,0.0,0.0,1443.8428,0.0,9013482.0,1045246.2,0.0,21688.139,4234386.5,2484403.8,8770.786,0.0,6013.198,1065887.5,147785.89,0.0,9014182.0,-700.0,-0.01
1993-12-09,602805.56,0.0,0.0,6535466.5,2894000.8,191849.62,1322257.1,0.0,0.0,1608.254,0.0,11547988.0,3795623.5,0.0,18221.236,4238056.5,2176013.0,4934.8003,0.0,1504.1675,1073489.9,143188.11,0.0,11451031.0,96957.0,0.84
1994-01-01,696876.56,0.0,0.0,6529273.5,566337.0,150952.62,674026.2,0.0,0.0,1445.0793,0.0,8618911.0,393188.97,0.0,18262.291,4251015.5,2675279.5,18213.123,0.0,4741.1978,1119772.4,143825.75,0.0,8624299.0,-5388.0,-0.06
1994-02-01,745674.6,0.0,0.0,6526422.0,899586.94,161631.97,1491598.5,0.0,0.0,1480.8457,0.0,9826395.0,1237557.0,0.0,18321.553,4256394.0,2996058.0,22283.904,0.0,7029.8516,1142021.5,142535.05,0.0,9822201.0,4194.0,0.04
1994-03-01,1066240.0,0.0,0.0,6513816.0,911894.7,193559.78,2520865.8,0.0,0.0,1542.1044,0.0,11207919.0,1922427.1,0.0,18410.146,4276739.0,3554614.8,29166.041,0.0,14972.793,1228473.2,146363.88,0.0,11191167.0,16752.0,0.15
1994-04-01,982865.1,0.0,0.0,6529798.5,466730.4,168542.72,764713.5,0.0,0.0,1459.8232,0.0,8914110.0,335362.34,0.0,18401.254,4252975.0,2888105.0,17936.209,0.0,77642.734,1168959.9,160232.48,0.0,8919614.0,-5504.0,-0.06
1994-05-01,879794.8,0.0,0.0,6540890.5,503296.53,180397.02,571911.7,0.0,0.0,1439.0082,0.0,8677730.0,226996.08,0.0,21913.705,4238935.5,2817002.2,13258.463,0.0,45297.797,1129078.4,190507.73,0.0,8682991.0,-5261.0,-0.06
1994-06-01,1176846.2,0.0,0.0,6551447.0,464500.28,184746.67,438898.6,0.0,0.0,1412.2676,0.0,8817851.0,108396.09,0.0,30729.371,4227436.0,2609313.2,9928.294,0.0,431348.12,1088963.5,195485.06,117933.79,8819534.0,-1683.0,-0.02
1994-07-01,1216323.8,0.0,0.0,6569231.0,482605.56,182284.98,379395.38,0.0,0.0,1398.0605,0.0,8831238.0,63056.17,0.0,38599.547,4217137.0,2494427.5,15200.17,0.0,603560.1,1042906.3,258874.08,124392.56,8858153.0,-26915.0,-0.3
1994-08-01,976154.94,0.0,0.0,6569459.0,485534.72,177321.02,358426.97,0.0,0.0,1387.996,0.0,8568284.0,78947.48,0.0,43412.004,4217476.5,2420582.8,21745.682,0.0,424807.97,1016365.75,271387.56,104702.875,8599429.0,-31145.0,-0.36
1994-09-01,901210.4,0.0,0.0,6566397.5,457396.38,171693.78,362088.72,0.0,0.0,1379.9552,0.0,8460167.0,70344.875,0.0,43301.47,4218787.0,2410863.2,21482.236,0.0,349044.3,1005002.56,271629.5,102500.01,8492956.0,-32789.0,-0.39
1994-10-01,862832.1,0.0,0.0,6567355.0,440641.66,172873.11,308373.2,0.0,0.0,1376.4087,0.0,8353451.0,42491.04,0.0,39050.77,4212285.0,2408900.0,25416.033,0.0,296382.94,1000730.5,254237.92,102146.664,8381641.0,-28190.0,-0.34
1994-11-01,675118.5,0.0,0.0,6556670.0,451875.16,172519.17,287481.03,0.0,0.0,1389.3422,0.0,8145053.0,71623.31,0.0,31008.213,4213186.5,2386294.8,19418.633,0.0,212005.2,1005724.6,210812.62,6319.7246,8156393.0,-11340.0,-0.14
1994-11-08,1119999.9,0.0,0.0,6550444.5,1136272.0,158123.95,1061782.2,0.0,0.0,1442.4849,0.0,10028064.0,1565533.5,0.0,21423.88,4225676.0,2760057.2,22974.96,0.0,17807.348,1021876.3,164688.97,0.2344,9800038.0,228026.0,2.3
1994-12-01,648116.94,0.0,0.0,6537271.5,729752.0,152295.52,1074804.9,0.0,0.0,1432.3733,0.0,9143673.0,864374.7,0.0,21591.086,4246357.0,2735443.0,26372.09,0.0,5856.861,1075989.9,166238.38,0.0,9142223.0,1450.0,0.02
1995-01-01,482306.44,0.0,0.0,6523732.5,942262.6,155790.73,1404123.8,0.0,0.0,1481.0037,0.0,9509697.0,1042405.44,0.0,18265.102,4265310.5,2879208.8,19452.309,0.0,517.6514,1132623.4,153079.33,0.0,9510862.0,-1165.0,-0.01
1995-01-08,344415.25,0.0,0.0,6497005.0,7237824.0,345083.56,4493886.5,0.0,0.0,1948.8818,0.0,18920162.0,10866243.0,0.0,18336.717,4284450.5,2309425.0,2542.8125,0.0,992.5473,1238589.8,140352.72,0.0,18860932.0,59230.0,0.31
1995-01-09,578817.44,0.0,0.0,6465754.0,11749248.0,824594.7,6929675.0,0.0,0.0,2350.103,0.0,26550438.0,18133832.0,0.0,18343.537,4299128.5,2148823.2,834.4481,0.0,1263.4719,1410104.5,140754.64,0.0,26153084.0,397354.0,1.51
1995-01-10,510875.0,0.0,0.0,6454806.5,7803468.0,814753.6,8578296.0,0.0,0.0,2311.0503,0.0,24164512.0,15422252.0,0.0,18354.654,4317696.5,2688832.2,198.0761,0.0,2087.4436,1437408.2,140729.5,0.0,24027560.0,136952.0,0.57
1995-02-01,1659640.1,0.0,0.0,6465382.5,1302682.0,241944.03,5701340.5,0.0,0.0,1795.5308,0.0,15372784.0,4463635.5,0.0,18454.238,4355234.0,4810770.5,42728.492,0.0,7408.9023,1521852.4,140188.08,0.0,15360271.0,12513.0,0.08
1995-03-01,1741867.2,0.0,0.0,6502708.0,472843.06,157480.53,1805899.2,0.0,0.0,1503.3901,0.0,10682301.0,1252540.5,0.0,18455.266,4300623.5,3507034.0,74472.17,0.0,18363.215,1366325.1,139491.38,0.0,10677304.0,4997.0,0.05
1995-03-10,603426.3,0.0,0.0,6472819.0,13700873.0,618671.7,3660282.8,0.0,0.0,2397.5898,0.0,25058470.0,17026648.0,0.0,18460.28,4293968.0,1956344.8,2033.6979,0.0,8667.099,1562651.2,140638.81,0.0,25009412.0,49058.0,0.2
1995-04-01,2005651.4,0.0,0.0,6493646.0,711982.4,156887.86,3558481.0,0.0,0.0,1620.6229,0.0,12928269.0,2322036.5,0.0,18535.309,4301673.0,4469788.5,93491.21,0.0,23280.246,1544646.5,139784.19,0.0,12913236.0,15033.0,0.12
1995-05-01,997958.25,0.0,0.0,6516178.0,1094296.9,178476.06,2080656.6,0.0,0.0,1591.4424,0.0,10869157.0,1748680.6,0.0,22310.396,4278474.0,3177601.2,48912.87,0.0,9170.522,1412796.6,156877.3,0.0,10854824.0,14333.0,0.13
1995-06-01,1581951.1,0.0,0.0,6531506.0,415431.75,162290.75,1487382.9,0.0,0.0,1471.6248,0.0,10180035.0,855367.9,0.0,31495.576,4256696.5,3254940.8,34672.043,0.0,211361.84,1322541.5,173954.9,35166.137,10176197.0,3838.0,0.04
1995-07-01,1710718.9,0.0,0.0,6555173.5,442244.53,177885.9,1094346.6,0.0,0.0,1439.433,0.0,9981809.0,576683.8,0.0,39716.22,4235116.0,2897045.2,20519.38,0.0,645088.7,1228629.4,249852.23,111587.77,10004238.0,-22429.0,-0.22
1995-08-01,1579680.8,0.0,0.0,6567487.5,457883.38,177361.14,871595.94,0.0,0.0,1439.9723,0.0,9655448.0,408916.44,0.0,45126.59,4221617.0,2681825.5,14721.976,0.0,778946.56,1152546.1,256711.77,113690.66,9674103.0,-18655.0,-0.19
1995-09-01,1178828.8,0.0,0.0,6573112.0,459853.53,178805.6,723253.6,0.0,0.0,1411.1396,0.0,9115265.0,303915.38,0.0,45326.004,4213920.0,2597388.2,16326.112,0.0,461661.0,1114885.6,272175.03,115611.08,9141209.0,-25944.0,-0.28
1995-10-01,999052.56,0.0,0.0,6570991.5,461090.66,178501.9,606415.94,0.0,0.0,1396.7009,0.0,8817449.0,257220.66,0.0,40875.36,4211610.0,2546021.0,16227.27,0.0,313800.0,1096279.9,257756.83,104498.44,8844289.0,-26840.0,-0.3
1995-11-01,836612.56,0.0,0.0,6559198.0,449980.88,175731.55,524250.34,0.0,0.0,1411.0114,0.0,8547184.0,284742.34,0.0,32362.387,4215196.0,2539235.2,17607.111,0.0,151685.48,1088700.0,224138.44,5175.138,8558842.0,-11658.0,-0.14
1995-12-01,789892.7,0.0,0.0,6550626.5,508437.47,169561.8,454251.9,0.0,0.0,1418.4388,0.0,8474188.0,201788.55,0.0,22353.082,4219526.5,2528735.0,14996.459,0.0,178262.98,1082284.5,176460.8,595.7775,8425004.0,49184.0,0.58
1995-12-13,1571140.4,0.0,0.0,6527414.5,9533301.0,313722.78,3347941.2,0.0,0.0,1795.4182,0.0,21295316.0,12380329.0,0.0,18808.422,4229216.0,1892997.1,5669.303,0.0,13495.524,1164427.9,149275.34,0.0,19854220.0,1441096.0,7.0
1995-12-14,2390247.0,0.0,0.0,6538365.5,1331925.2,176544.02,2713381.5,0.0,0.0,1589.3042,0.0,13152051.0,3559077.8,0.0,18810.736,4230081.0,3994793.2,13856.665,0.0,8199.345,1123247.0,149165.22,0.0,13097231.0,54820.0,0.42
1996-01-01,1972521.0,0.0,0.0,6532429.0,889575.6,159765.78,2196366.8,0.0,0.0,1545.5985,0.0,11752205.0,2121791.8,0.0,18836.443,4243927.0,4024788.2,18082.768,0.0,7225.072,1164854.0,149531.86,0.0,11749037.0,3168.0,0.03
1996-02-01,515915.12,0.0,0.0,6508685.0,2417870.2,206837.36,4512457.5,0.0,0.0,1681.4982,0.0,14163445.0,5093765.0,0.0,18932.248,4268763.0,3249315.5,16899.793,0.0,2765.939,1358731.9,152561.47,0.0,14161735.0,1710.0,0.01
1996-02-05,421332.72,0.0,0.0,6493634.0,9070958.0,445258.28,5232770.0,0.0,0.0,2258.8376,0.0,21666210.0,13470956.0,0.0,18945.06,4282983.5,6332622.0,1403.0878,0.0,5405.2373,1487535.4,148390.47,0.0,25748242.0,-4082032.0,-17.22
1996-03-01,329768.0,0.0,0.0,6488922.5,3395986.5,191904.77,4536424.5,0.0,0.0,1745.5869,0.0,14944752.0,5699937.5,0.0,18970.162,4302250.5,3253807.8,27223.08,0.0,4190.1523,1481609.8,148074.45,0.0,14936063.0,8689.0,0.06
1996-04-01,1361772.4,0.0,0.0,6510126.0,635825.25,161912.89,1885344.4,0.0,0.0,1542.6761,0.0,10556524.0,1280950.0,0.0,18939.658,4285287.5,3339515.0,42148.273,0.0,27613.535,1405644.2,146968.56,0.0,10547067.0,9457.0,0.09
1996-05-01,1408901.2,0.0,0.0,6526407.0,495126.25,161371.16,1275399.1,0.0,0.0,1488.048,0.0,9868692.0,608593.75,0.0,22531.012,4267105.0,3286078.5,31709.945,0.0,155047.52,1330067.2,167373.27,0.0,9868506.0,186.0,0.0
1996-06-01,1214551.2,0.0,0.0,6541056.0,526451.9,182767.03,1030451.5,0.0,0.0,1477.0597,0.0,9496755.0,436856.44,0.0,31676.242,4250060.5,3143603.8,20978.9,0.0,120840.73,1276018.0,213222.72,6819.994,9500077.0,-3322.0,-0.03
1996-07-01,1806647.0,0.0,0.0,6564762.5,465443.84,183250.28,730905.5,0.0,0.0,1443.4299,0.0,9752451.0,250025.81,0.0,39947.574,4228614.0,2799529.2,12107.858,0.0,878162.75,1186782.0,266946.06,119848.94,9781965.0,-29514.0,-0.3
1996-07-03,1745651.8,0.0,0.0,6564804.5,464626.25,183517.19,745727.25,0.0,0.0,1440.4933,0.0,9705766.0,281531.62,0.0,45358.27,4226775.5,2771225.8,11977.875,0.0,829232.9,1180886.5,277708.25,114129.77,9738826.0,-33060.0,-0.34
1996-08-01,1410943.2,0.0,0.0,6575996.5,463252.1,182483.66,608210.0,0.0,0.0,1427.8372,0.0,9242314.0,172749.33,0.0,45092.34,4216302.5,2615791.5,10096.306,0.0,703479.4,1119417.9,276941.1,116776.73,9276647.0,-34333.0,-0.37
1996-09-01,1126439.1,0.0,0.0,6577085.5,463273.47,181267.62,542704.6,0.0,0.0,1409.9825,0.0,8892180.0,137579.66,0.0,45039.945,4212173.0,2544348.0,12586.193,0.0,501373.5,1087289.8,275343.16,112871.0,8928604.0,-36424.0,-0.41
1996-10-01,921633.06,0.0,0.0,6569182.0,466411.47,181658.66,485731.94,0.0,0.0,1407.3243,0.0,8626024.0,144135.69,0.0,40577.36,4211260.5,2517870.0,8012.632,0.0,297190.88,1076927.5,248895.48,105810.38,8650680.0,-24656.0,-0.29
1996-11-01,747606.5,0.0,0.0,6561967.0,590487.5,178268.42,458290.0,0.0,0.0,1428.088,0.0,8538048.0,356406.47,0.0,32197.154,4215879.5,2579886.2,8208.255,0.0,77185.78,1082661.4,219881.98,743.4481,8573050.0,-35002.0,-0.41
1996-12-01,779861.7,0.0,0.0,6547302.5,535988.44,164478.0,526902.3,0.0,0.0,1441.2135,0.0,8555974.0,323593.9,0.0,22310.672,4227649.0,2696714.2,5375.1904,0.0,8089.483,1109020.5,166048.53,0.0,8558802.0,-2828.0,-0.03
1996-12-11,507037.9,0.0,0.0,6524143.5,6825102.0,293399.06,4189410.0,0.0,0.0,1865.477,0.0,18340958.0,10547214.0,0.0,18728.072,4237882.5,2130218.8,2507.8008,0.0,4553.6733,1209167.0,149772.64,0.0,18300044.0,40914.0,0.22
1996-12-31,583111.94,0.0,0.0,6501961.5,5291951.0,483022.9,5220902.5,0.0,0.0,2270.4792,0.0,18083220.0,9433724.0,0.0,18772.236,4261011.5,2791887.2,1043.5426,0.0,7226.691,1383569.5,151008.16,0.0,18048244.0,34976.0,0.19
1997-01-01,369265.78,0.0,0.0,6503636.5,7502034.0,646734.7,6371349.5,0.0,0.0,2279.9858,0.0,21395300.0,12774841.0,0.0,18777.875,4265129.5,7020157.0,346.5792,0.0,7311.8574,1461479.8,151146.86,0.0,25699188.0,-4303888.0,-18.28
1997-01-02,368887.2,0.0,0.0,6482375.0,6943709.0,740768.6,7542283.5,0.0,0.0,2259.9133,0.0,22080284.0,13308823.0,0.0,18818.656,4270001.5,2744399.0,189.7074,0.0,4483.8164,1526622.8,148655.69,0.0,22021996.0,58288.0,0.26
1997-01-26,317635.47,0.0,0.0,6481270.0,8299231.0,444357.94,4886989.5,0.0,0.0,2314.9727,0.0,20431798.0,11892601.0,0.0,18855.45,4282100.5,2490404.5,990.4856,0.0,3927.786,1570605.9,148702.97,0.0,20408186.0,23612.0,0.12
1997-01-31,1519105.1,0.0,0.0,6497053.5,1173086.1,159711.17,4506262.5,0.0,0.0,1783.8044,0.0,13857002.0,3349687.0,0.0,18878.4,4287539.5,4489193.0,34926.07,0.0,12528.036,1494461.8,148170.58,0.0,13835385.0,21617.0,0.16
1997-02-01,1898920.4,0.0,0.0,6497857.5,1003016.7,148147.14,4348017.0,0.0,0.0,1727.8046,0.0,13897687.0,3113964.2,0.0,18880.852,4287978.0,4767575.0,50461.316,0.0,8010.67,1490062.5,148114.34,0.0,13885046.0,12641.0,0.09
1997-02-02,1844486.0,0.0,0.0,6498674.0,941205.9,147788.1,4082133.2,0.0,0.0,1686.7668,0.0,13515974.0,2869542.8,0.0,18882.262,4287578.0,4622223.5,59869.406,0.0,8738.247,1486153.0,154374.39,0.0,13507360.0,8614.0,0.06
1997-02-03,1795844.5,0.0,0.0,6499443.5,894038.06,149168.53,3831509.5,0.0,0.0,1663.809,0.0,13171668.0,2639343.2,0.0,18883.074,4288008.0,4509458.5,67798.34,0.0,6827.099,1482411.8,154346.62,0.0,13167076.0,4592.0,0.03
1997-02-04,1669649.4,0.0,0.0,6500346.0,909022.0,148890.77,3668752.0,0.0,0.0,1648.2454,0.0,12898309.0,2521307.2,0.0,18883.682,4287650.5,4349220.0,75704.33,0.0,8984.247,1478259.1,154270.38,0.0,12894279.0,4030.0,0.03
1997-02-05,1197405.5,0.0,0.0,6500388.0,1129938.4,148786.52,3578073.5,0.0,0.0,1647.6136,0.0,12556240.0,2671108.0,0.0,18883.91,4287738.5,3864568.2,74930.7,0.0,4300.3896,1478550.9,154219.67,0.0,12554301.0,1939.0,0.02
1997-02-06,1625223.0,0.0,0.0,6502302.5,874154.44,142745.02,3268944.5,0.0,0.0,1633.4388,0.0,12415003.0,2126473.8,0.0,18884.826,4286571.0,4273122.0,75884.195,0.0,8282.336,1470633.2,154160.98,0.0,12414012.0,991.0,0.01
1997-02-07,1811055.5,0.0,0.0,6503544.5,795504.0,141130.77,3081640.5,0.0,0.0,1622.8826,0.0,12334499.0,1978085.1,0.0,18885.541,4286798.0,4350039.0,73080.57,0.0,8994.79,1464039.5,154100.7,0.0,12334025.0,474.0,0.0
1997-02-08,1603451.9,0.0,0.0,6504115.0,789516.56,148741.61,3001054.0,0.0,0.0,1606.3702,0.0,12048486.0,1912716.1,0.0,18885.78,4285948.5,4147696.8,62707.027,0.0,8765.817,1457506.8,154042.88,0.0,12048270.0,216.0,0.0
1997-03-01,1440728.4,0.0,0.0,6518078.5,491085.0,157638.4,1532728.1,0.0,0.0,1506.8298,0.0,10141765.0,823948.44,0.0,18880.234,4271264.0,3454815.0,36934.023,0.0,18726.346,1357157.5,153362.77,0.0,10135089.0,6676.0,0.07
1997-04-01,1125332.5,0.0,0.0,6534799.5,467369.06,176479.23,1115077.0,0.0,0.0,1481.4558,0.0,9420538.0,540471.2,0.0,18873.043,4251703.0,3076147.0,22954.424,0.0,42156.34,1280144.0,179728.66,0.0,9412178.0,8360.0,0.09
1997-05-01,1248517.1,0.0,0.0,6545674.5,452366.56,183135.39,863151.4,0.0,0.0,1450.8551,0.0,9294295.0,332009.7,0.0,22654.672,4239624.5,2912152.2,18790.848,0.0,345754.62,1214628.9,209871.52,655.2961,9296142.0,-1847.0,-0.02
1997-06-01,1395854.2,0.0,0.0,6564677.5,485160.3,185358.1,689053.7,0.0,0.0,1433.7275,0.0,9321538.0,217526.1,0.0,31828.383,4226854.0,2743777.8,16405.502,0.0,579337.44,1154027.6,251709.11,119867.586,9341334.0,-19796.0,-0.21
1997-07-01,1241417.6,0.0,0.0,6571812.0,471042.22,178994.25,591338.0,0.0,0.0,1415.0046,0.0,9056019.0,168543.33,0.0,39933.297,4218014.0,2614527.5,17714.414,0.0,523410.84,1111830.0,257370.83,132137.7,9083483.0,-27464.0,-0.3
1997-08-01,1117067.1,0.0,0.0,6577932.5,457407.72,181653.03,530965.4,0.0,0.0,1405.6378,0.0,8866431.0,137103.89,0.0,45069.543,4211404.0,2517197.8,15921.548,0.0,510258.25,1071786.4,283504.1,109992.79,8902238.0,-35807.0,-0.4
1997-09-01,943402.0,0.0,0.0,6573808.0,479870.22,182323.0,476666.1,0.0,0.0,1394.7295,0.0,8657464.0,121525.05,0.0,44915.36,4211078.0,2487428.8,14601.607,0.0,375886.6,1057685.2,268145.47,102797.945,8684063.0,-26599.0,-0.31
1997-10-01,874391.3,0.0,0.0,6570104.5,460839.06,179383.55,452807.56,0.0,0.0,1387.8682,0.0,8538914.0,125692.67,0.0,40459.516,4208036.0,2468070.0,14671.845,0.0,298156.62,1048350.5,248838.48,106065.66,8558341.0,-19427.0,-0.23
1997-11-01,727169.9,0.0,0.0,6555848.0,461581.94,177240.22,396683.9,0.0,0.0,1432.8849,0.0,8319957.0,137339.03,0.0,32020.887,4214771.0,2483914.8,13089.039,0.0,179718.83,1059401.2,201082.52,2228.4543,8323566.0,-3609.0,-0.04
1997-11-17,573599.2,0.0,0.0,6547008.5,2377393.8,213295.73,1163892.8,0.0,0.0,1565.52,0.0,10876756.0,3130370.0,0.0,22162.844,4224905.5,2249355.8,4781.4756,0.0,1456.5222,1071919.2,165464.33,0.0,10870415.0,6341.0,0.06
1997-11-18,1263000.2,0.0,0.0,6547324.0,1338988.2,172063.34,1530733.2,0.0,0.0,1501.2424,0.0,10853609.0,2188459.8,0.0,22169.268,4227596.0,2821563.0,7184.6895,0.0,973.4454,1079850.8,165443.36,0.0,10513240.0,340369.0,3.19
1997-11-27,556130.0,0.0,0.0,6530918.0,6912758.5,268662.2,2977483.8,0.0,0.0,1727.4958,0.0,17247680.0,9593381.0,0.0,22205.543,4241816.5,1983477.8,3009.6702,0.0,1728.1908,1139220.2,166057.2,0.0,17150898.0,96782.0,0.56
1997-11-28,1050979.8,0.0,0.0,6535093.0,2173549.0,195926.23,3051210.2,0.0,0.0,1581.7598,0.0,13008340.0,4397135.5,0.0,22207.566,4245981.0,3005568.2,13830.013,0.0,1203.7031,1127784.1,165988.55,0.0,12979699.0,28641.0,0.22
1997-12-01,509661.75,0.0,0.0,6531552.0,2969726.5,192301.84,2886205.0,0.0,0.0,1568.9716,0.0,13091016.0,4973394.0,0.0,22216.533,4250190.5,2517661.0,14623.321,0.0,891.5032,1143277.1,166112.92,0.0,13088367.0,2649.0,0.02
1998-01-01,918028.06,0.0,0.0,6523363.0,642901.94,170680.38,1392806.9,0.0,0.0,1476.4615,0.0,9649256.0,832744.25,0.0,18788.088,4265676.0,3147772.8,18728.738,0.0,7207.029,1210826.6,146121.5,0.0,9647864.0,1392.0,0.01
1998-02-01,1360734.6,0.0,0.0,6479019.0,1280274.0,154109.73,4716071.5,0.0,0.0,1734.6333,0.0,13991945.0,3453363.0,0.0,18911.605,4328981.0,4542133.5,44150.734,0.0,2656.9165,1462317.5,137108.9,0.0,13989623.0,2322.0,0.02
1998-02-20,353993.6,0.0,0.0,6438979.0,5420214.5,305849.06,7054950.5,0.0,0.0,2450.1587,0.0,19576436.0,9942070.0,0.0,18993.877,4391899.5,5576973.0,7455.5024,0.0,882.8292,1887955.0,160041.66,0.0,21986270.0,-2409834.0,-11.6
1998-03-01,2747012.8,0.0,0.0,6452212.5,861674.2,146028.53,5445162.5,0.0,0.0,1742.2554,0.0,15653832.0,3651616.8,0.0,19013.516,4388227.5,5483324.5,108187.984,0.0,13700.367,1825658.5,159356.86,0.0,15649085.0,4747.0,0.03
1998-03-14,1528850.2,0.0,0.0,6478994.0,1243240.5,182090.11,3575474.0,0.0,0.0,1714.2095,0.0,13010362.0,3050379.5,0.0,19006.35,4341226.0,3686685.2,44747.684,0.0,6741.391,1683352.2,155153.02,0.0,12987291.0,23071.0,0.18
1998-03-15,2176996.0,0.0,0.0,6482234.5,742727.7,163540.64,3536589.2,0.0,0.0,1657.3842,0.0,13103745.0,2348568.8,0.0,19005.314,4338763.0,4490224.0,52143.54,0.0,18896.197,1668628.9,155045.11,0.0,13091275.0,12470.0,0.1
1998-03-16,2106349.8,0.0,0.0,6484096.0,684311.5,160700.25,3610329.2,0.0,0.0,1645.7152,0.0,13047433.0,2423999.0,0.0,19093.762,4335457.5,4368163.5,53910.18,0.0,24528.63,1659391.1,154980.17,0.0,13039524.0,7909.0,0.06
1998-03-17,2091834.9,0.0,0.0,6485861.0,651905.0,163764.73,3169990.8,0.0,0.0,1627.0809,0.0,12564984.0,2020461.5,0.0,19092.963,4332110.0,4306079.5,51347.684,0.0,26771.191,1649434.6,154904.69,0.0,12560203.0,4781.0,0.04
1998-03-18,2084034.1,0.0,0.0,6487383.0,630381.75,166683.52,3324026.2,0.0,0.0,1615.9343,0.0,12694125.0,2217131.5,0.0,19092.447,4329886.5,4253717.5,49901.47,0.0,25292.201,1640307.6,154842.05,0.0,12690171.0,3954.0,0.03
1998-03-19,2080839.8,0.0,0.0,6488841.0,595097.6,166295.75,3019642.8,0.0,0.0,1599.5961,0.0,12352318.0,1932631.6,0.0,19092.945,4327866.0,4207115.5,51303.51,0.0,25348.383,1631833.8,154778.36,0.0,12349970.0,2348.0,0.02
1998-03-20,1898024.5,0.0,0.0,6490080.5,669527.25,168837.19,2957119.5,0.0,0.0,1616.0499,0.0,12185204.0,2094279.1,0.0,19093.453,4325466.0,3891872.8,49206.977,0.0,24914.816,1624370.1,154752.38,0.0,12183955.0,1249.0,0.01
1998-03-21,1869852.0,0.0,0.0,6491388.5,661491.94,167133.89,2814607.5,0.0,0.0,1625.668,0.0,12006100.0,1968089.6,0.0,19093.22,4322870.0,3849793.5,49011.09,0.0,24602.014,1617166.6,154723.88,0.0,12005350.0,750.0,0.01
1998-04-01,898387.7,0.0,0.0,6496792.0,1740162.8,186088.97,3070029.8,0.0,0.0,1707.0841,0.0,12393168.0,2862227.5,0.0,19161.13,4309045.5,3393860.8,41814.73,0.0,2731.6938,1597711.2,154906.6,0.0,12381460.0,11708.0,0.09
1998-05-01,1759827.9,0.0,0.0,6514658.5,471962.0,162589.73,2031174.2,0.0,0.0,1534.0476,0.0,10941746.0,1091123.1,0.0,22957.914,4283683.5,3755224.0,38317.43,0.0,88874.3,1484906.4,155634.58,0.0,10920720.0,21026.0,0.19
1998-05-30,817760.7,0.0,0.0,6517983.0,5639603.5,270938.12,3257892.5,0.0,0.0,1875.4315,0.0,16506053.0,7850931.0,0.0,32364.61,4267625.5,2653024.8,8431.745,0.0,3311.5554,1452852.1,165819.92,0.0,16434362.0,71691.0,0.44
1998-06-01,1454922.5,0.0,0.0,6523453.0,935537.5,159247.61,2224898.8,0.0,0.0,1623.7429,0.0,11299684.0,1545073.2,0.0,32373.307,4268991.5,3776382.8,31471.125,0.0,34508.02,1432969.9,165385.2,0.0,11287155.0,12529.0,0.11
1998-07-01,1733453.8,0.0,0.0,6546305.5,441193.47,175635.81,1236600.4,0.0,0.0,1462.544,0.0,10134651.0,608750.5,0.0,40720.37,4246671.0,3116932.5,29524.27,0.0,479958.78,1319287.6,210845.34,82543.875,10135235.0,-584.0,-0.01
1998-08-01,1752150.2,0.0,0.0,6567212.0,451946.97,183296.16,961581.75,0.0,0.0,1436.3116,0.0,9917623.0,390903.66,0.0,46194.46,4226370.0,2846110.8,22556.387,0.0,809650.7,1218630.1,269107.28,116753.04,9946276.0,-28653.0,-0.29
1998-09-01,1437165.0,0.0,0.0,6576390.0,466990.94,183599.6,769203.1,0.0,0.0,1424.347,0.0,9434773.0,267607.12,0.0,46275.566,4218135.5,2692353.0,22044.479,0.0,664767.6,1160461.5,278683.12,117861.93,9468189.0,-33416.0,-0.35
1998-09-19,1176654.1,0.0,0.0,6570739.5,485259.22,180935.47,703259.94,0.0,0.0,1425.079,0.0,9118273.0,269452.4,0.0,41743.69,4217370.0,2659550.5,22709.416,0.0,416096.44,1145221.2,251799.67,114622.04,9138566.0,-20293.0,-0.22
1998-10-01,1197264.5,0.0,0.0,6566573.0,448932.3,178301.42,655535.94,0.0,0.0,1417.56,0.0,9048025.0,213924.67,0.0,41665.38,4216849.0,2714048.5,23243.166,0.0,354907.22,1141237.1,251868.62,107449.875,9065194.0,-17169.0,-0.19
1998-11-01,862221.44,0.0,0.0,6555247.0,583888.8,177640.12,578327.7,0.0,0.0,1452.597,0.0,8758778.0,448556.75,0.0,32964.16,4222082.5,2623220.5,16684.18,0.0,73211.445,1138774.1,206364.48,185.7669,8762044.0,-3266.0,-0.04
1998-11-24,759581.75,0.0,0.0,6540415.0,3647401.5,216365.38,1760580.8,0.0,0.0,1712.1913,0.0,12926056.0,4911995.0,0.0,22823.182,4235063.5,2305006.2,10632.494,0.0,965.0208,1159448.5,159876.89,0.0,12805811.0,120245.0,0.93
1998-11-25,1013792.94,0.0,0.0,6540703.0,1516123.0,167622.28,1856247.6,0.0,0.0,1569.5795,0.0,11096059.0,2603531.2,0.0,22829.334,4236639.5,2836326.5,13252.455,0.0,1191.1876,1167281.4,159770.83,0.0,11040821.0,55238.0,0.5
1998-12-01,625921.25,0.0,0.0,6531248.5,4874577.0,233079.11,2680259.8,0.0,0.0,1849.4648,0.0,14946935.0,6950123.5,0.0,22836.35,4245418.5,2316949.2,7115.932,0.0,760.3777,1204609.2,160170.56,0.0,14907983.0,38952.0,0.26
1999-01-01,867764.1,0.0,0.0,6532566.5,564103.3,156579.25,896504.2,0.0,0.0,1485.079,0.0,9019002.0,374507.0,0.0,19189.705,4252521.5,2961487.2,24324.436,0.0,8147.0757,1224904.6,155017.92,0.0,9020099.0,-1097.0,-0.01
1999-02-01,477929.78,0.0,0.0,6524165.0,1490093.6,169286.38,1888531.8,0.0,0.0,1559.8505,0.0,10551567.0,2005787.9,0.0,19256.617,4261863.5,2835713.8,18782.422,0.0,1037.4862,1257112.8,155256.2,0.0,10554810.0,-3243.0,-0.03
1999-02-07,465341.38,0.0,0.0,6517983.5,4935268.0,264195.53,2665724.5,0.0,0.0,1946.1304,0.0,14850460.0,6554845.0,0.0,19258.143,4264935.0,2509035.2,4312.2603,0.0,921.1858,1289515.4,154702.7,0.0,14797524.0,52936.0,0.36
1999-02-08,449305.28,0.0,0.0,6502892.5,7698117.5,280738.44,4004455.2,0.0,0.0,1956.6925,0.0,18937466.0,10729912.0,0.0,19261.262,4270217.5,2365786.2,2877.7815,0.0,2975.5845,1355230.2,154815.53,0.0,18901076.0,36390.0,0.19
1999-02-09,968747.7,0.0,0.0,6508552.5,4515079.5,276324.75,4406264.5,0.0,0.0,2054.0435,0.0,16677024.0,7494930.0,0.0,19260.365,4273498.5,3346719.5,4121.8237,0.0,3030.886,1357802.1,155036.05,0.0,16654399.0,22625.0,0.14
1999-02-10,489022.72,0.0,0.0,6501013.5,4781726.5,280733.6,4897970.5,0.0,0.0,1948.4855,0.0,16952414.0,8122316.0,0.0,19263.91,4276409.0,2955850.5,8247.025,0.0,2797.0784,1393317.4,155067.33,0.0,16933270.0,19144.0,0.11
1999-02-11,2438794.0,0.0,0.0,6508594.0,1566091.8,196616.5,4972989.0,0.0,0.0,1856.2886,0.0,15684941.0,4860169.0,0.0,19266.225,4279297.5,4970060.0,37270.832,0.0,3275.8958,1354689.5,155065.52,0.0,15679094.0,5847.0,0.04
1999-02-12,1515325.2,0.0,0.0,6506724.0,1626170.8,178348.42,4527872.0,0.0,0.0,1823.5588,0.0,14356264.0,4308371.5,0.0,19268.826,4282320.5,4172908.5,35384.848,0.0,5515.4653,1365985.6,155104.5,0.0,14344860.0,11404.0,0.08
1999-02-13,1779171.5,0.0,0.0,6507352.0,1251521.2,155874.03,4065774.5,0.0,0.0,1782.064,0.0,13761476.0,3430138.0,0.0,19273.617,4283282.0,4459968.0,41507.707,0.0,10045.798,1360320.2,155112.17,0.0,13759648.0,1828.0,0.01
1999-02-14,1276939.2,0.0,0.0,6507058.5,1259519.2,148736.8,3805813.0,0.0,0.0,1731.6703,0.0,12999799.0,3092049.5,0.0,19278.797,4284396.5,4040605.5,39928.492,0.0,1420.158,1366429.5,155097.7,0.0,12999206.0,593.0,0.0
1999-02-15,1031671.7,0.0,0.0,6506658.5,1267722.5,147252.67,3586639.5,0.0,0.0,1691.883,0.0,12541636.0,2814808.8,0.0,19281.096,4285314.0,3850994.5,43382.81,0.0,1137.7994,1371090.6,155103.62,0.0,12541114.0,522.0,0.0
1999-03-01,583824.06,0.0,0.0,6500327.5,1545044.4,163994.84,4131615.8,0.0,0.0,1722.7695,0.0,12926530.0,3205559.8,0.0,19311.008,4292187.0,3739214.2,29813.758,0.0,2165.084,1476603.9,155427.98,0.0,12920283.0,6247.0,0.05
1999-04-01,614474.1,0.0,0.0,6511505.0,1191466.2,158760.97,2792598.0,0.0,0.0,1611.1625,0.0,11270415.0,1739287.1,0.0,19309.768,4280816.5,3579933.5,44589.043,0.0,3466.3008,1444564.4,152337.55,0.0,11264304.0,6111.0,0.05
1999-05-01,1496797.9,0.0,0.0,6526207.5,462152.4,160753.72,1539266.5,0.0,0.0,1513.575,0.0,10186692.0,712656.2,0.0,22975.393,4266022.0,3474075.5,31928.055,0.0,137563.62,1371514.4,164085.11,0.0,10180820.0,5872.0,0.06
1999-06-01,1650423.9,0.0,0.0,6549643.0,439069.6,182349.47,1022461.1,0.0,0.0,1462.4545,0.0,9845409.0,385517.16,0.0,32222.156,4237901.5,3025930.0,19378.576,0.0,549814.4,1264069.2,228208.9,111617.03,9854659.0,-9250.0,-0.09
1999-07-01,1900470.0,0.0,0.0,6568940.0,459684.66,178487.02,805483.3,0.0,0.0,1457.0953,0.0,9914522.0,246226.7,0.0,40479.715,4223353.5,2771861.2,13991.585,0.0,1075925.6,1180256.1,249467.88,133919.6,9935482.0,-20960.0,-0.21
1999-08-01,1326403.9,0.0,0.0,6576007.0,464997.22,181477.61,670045.0,0.0,0.0,1434.6417,0.0,9220366.0,171111.7,0.0,45844.23,4215339.5,2668342.2,15347.412,0.0,610459.56,1134389.6,282981.44,115795.0,9259611.0,-39245.0,-0.42
1999-09-01,1106367.8,0.0,0.0,6574016.5,466467.1,179697.11,584404.9,0.0,0.0,1415.8723,0.0,8912369.0,170685.3,0.0,45884.27,4212604.5,2596142.2,18816.006,0.0,414216.5,1106134.9,262330.9,111176.445,8937990.0,-25621.0,-0.29
1999-10-01,1070855.0,0.0,0.0,6569603.5,463521.9,179120.52,512381.3,0.0,0.0,1410.7732,0.0,8796893.0,97950.85,0.0,41389.484,4211989.5,2548899.5,18450.453,0.0,455689.22,1089423.0,240033.86,107739.59,8811566.0,-14673.0,-0.17
1999-11-01,881541.5,0.0,0.0,6559281.5,501022.28,174152.58,464673.0,0.0,0.0,1432.4869,0.0,8582103.0,212212.22,0.0,32929.8,4216349.5,2626441.2,16009.115,0.0,183439.69,1091687.0,219152.78,1669.6669,8599891.0,-17788.0,-0.21
1999-12-01,589335.0,0.0,0.0,6542582.5,1645207.4,178551.06,849169.1,0.0,0.0,1539.2982,0.0,9806384.0,1876478.1,0.0,22829.137,4234426.0,2379781.5,7746.0376,0.0,1013.8781,1130526.6,159730.16,0.0,9812531.0,-6147.0,-0.06
2000-01-01,768721.75,0.0,0.0,6538195.5,461531.84,158043.67,509165.88,0.0,0.0,1456.5875,0.0,8437115.0,188284.31,0.0,19181.213,4236191.0,2679380.5,14959.512,0.0,13983.895,1139206.4,151290.81,0.0,8442478.0,-5363.0,-0.06
2000-02-01,495937.3,0.0,0.0,6520504.0,2907761.0,206973.22,2991643.2,0.0,0.0,1643.3217,0.0,13124461.0,4660484.5,0.0,19257.545,4266035.5,2791672.0,12535.645,0.0,774.4541,1220535.0,151805.69,0.0,13123101.0,1360.0,0.01
2000-02-15,491333.47,0.0,0.0,6485643.5,5497624.5,346254.94,5834600.5,0.0,0.0,2098.706,0.0,18657556.0,9809048.0,0.0,19280.371,4303798.0,2895621.8,5051.627,0.0,7015.5664,1397321.6,149818.42,0.0,18586956.0,70600.0,0.38
2000-03-01,651275.44,0.0,0.0,6478222.5,3646215.2,244580.89,5534190.5,0.0,0.0,1949.7144,0.0,16556434.0,6918046.0,0.0,19318.506,4320770.0,3612132.0,11115.966,0.0,1911.0425,1512650.2,150272.53,0.0,16546216.0,10218.0,0.06
2000-04-01,1600514.5,0.0,0.0,6522679.5,468684.66,198270.11,1563351.6,0.0,0.0,1481.4148,0.0,10354982.0,872446.25,0.0,19336.605,4281114.5,3507246.0,30102.89,0.0,59118.504,1372979.0,211249.97,0.0,10353595.0,1387.0,0.01
2000-05-01,1330958.8,0.0,0.0,6536167.0,473977.66,189202.27,974491.3,0.0,0.0,1488.7378,0.0,9506286.0,406871.1,0.0,23002.562,4254763.5,3139189.5,21596.479,0.0,174463.69,1283774.6,204820.17,13.3745,9508494.0,-2208.0,-0.02
2000-06-01,1558399.5,0.0,0.0,6548976.0,467159.62,187272.75,705315.0,0.0,0.0,1450.8503,0.0,9468574.0,194531.06,0.0,32172.97,4237685.0,2925705.0,16287.718,0.0,534897.7,1211544.1,213940.2,104511.375,9471274.0,-2700.0,-0.03
2000-07-01,1635422.1,0.0,0.0,6566109.5,465563.75,180026.11,567818.1,0.0,0.0,1433.4481,0.0,9416372.0,111340.75,0.0,40299.867,4224209.5,2723298.5,13777.164,0.0,787161.75,1143024.9,264743.34,130773.65,9438629.0,-22257.0,-0.24
2000-08-01,1398677.2,0.0,0.0,6577421.5,466885.06,181270.95,506487.9,0.0,0.0,1439.0996,0.0,9132182.0,84734.35,0.0,45648.84,4214368.5,2580627.5,12227.602,0.0,743111.9,1091470.9,271148.38,117881.78,9161219.0,-29037.0,-0.32
2000-09-01,1038861.2,0.0,0.0,6573172.5,458636.4,181488.97,461912.47,0.0,0.0,1409.4589,0.0,8715480.0,93023.336,0.0,45681.59,4211603.5,2539931.2,14733.865,0.0,384988.16,1072721.4,273556.56,109855.34,8746095.0,-30615.0,-0.35
2000-10-01,1021336.0,0.0,0.0,6571111.5,460835.75,179905.14,424035.56,0.0,0.0,1410.7747,0.0,8658635.0,50104.742,0.0,41245.684,4209027.0,2504056.5,15144.879,0.0,439616.62,1059266.4,252083.39,107645.19,8678190.0,-19555.0,-0.23
2000-11-01,953417.7,0.0,0.0,6557205.0,622891.5,176079.53,677489.8,0.0,0.0,1460.6768,0.0,8988544.0,649913.6,0.0,32762.285,4217832.0,2773463.2,11504.486,0.0,13040.982,1085210.9,208597.14,0.0,8992324.0,-3780.0,-0.04
2000-12-01,721167.3,0.0,0.0,6547530.5,663311.8,164246.95,467475.62,0.0,0.0,1452.1816,0.0,8565185.0,401780.78,0.0,22657.945,4225963.0,2626708.5,6798.995,0.0,6065.409,1098955.0,159237.73,0.0,8548168.0,17017.0,0.2
2001-01-01,679912.8,0.0,0.0,6539520.5,461340.12,160009.38,409638.0,0.0,0.0,1451.5715,0.0,8251872.5,133714.19,0.0,19021.727,4230296.0,2574677.0,12610.43,0.0,32586.213,1104898.1,150495.25,0.0,8258299.0,-6426.5,-0.08
2001-02-01,758352.06,0.0,0.0,6537899.5,853560.3,170685.58,1461739.0,0.0,0.0,1501.4847,0.0,9783737.0,1240011.5,0.0,19071.465,4247142.5,2933128.5,20610.287,0.0,7022.4443,1147657.4,169400.62,0.0,9784044.0,-307.0,-0.0
2001-03-01,1644842.4,0.0,0.0,6507610.0,1096483.6,254208.56,3635639.0,0.0,0.0,1621.878,0.0,13140406.0,3244384.8,0.0,19171.898,4285889.5,4091778.8,42574.297,0.0,13932.852,1278726.0,157538.61,0.0,13133997.0,6409.0,0.05
2001-04-01,1237535.6,0.0,0.0,6525096.5,472798.38,184279.45,1000141.56,0.0,0.0,1485.9315,0.0,9421338.0,522670.3,0.0,19156.283,4263536.5,3117261.2,21302.932,0.0,73994.1,1239102.4,164629.64,0.0,9421653.0,-315.0,-0.0
2001-05-01,1141709.2,0.0,0.0,6540368.0,493330.3,195805.47,635249.5,0.0,0.0,1465.2318,0.0,9007927.0,204727.42,0.0,22768.674,4242990.0,2810531.0,14364.032,0.0,309254.75,1176363.9,191177.55,0.0,8972178.0,35749.0,0.4
2001-06-01,1698724.1,0.0,0.0,6567799.5,467365.16,201525.58,477070.62,0.0,0.0,1430.8916,0.0,9413917.0,80261.414,0.0,31850.654,4220542.0,2619473.5,10243.063,0.0,985358.0,1098585.6,250516.03,131532.52,9428363.0,-14446.0,-0.15
2001-06-15,1422397.9,0.0,0.0,6575131.5,478062.9,201100.22,508238.22,0.0,0.0,1428.5382,0.0,9186359.0,132950.0,0.0,39984.9,4216533.0,2569099.5,9557.302,0.0,756500.94,1074819.8,279444.56,133786.98,9212678.0,-26319.0,-0.29
2001-07-01,1204829.5,0.0,0.0,6574588.0,496054.12,188196.47,414112.47,0.0,0.0,1404.25,0.0,8879184.0,71510.875,0.0,39870.715,4213722.0,2587684.5,11993.365,0.0,531969.2,1060800.4,279021.06,115708.414,8912280.0,-33096.0,-0.37
2001-08-01,1087506.5,0.0,0.0,6578947.5,475661.53,186668.89,364385.03,0.0,0.0,1394.9204,0.0,8694565.0,41495.22,0.0,44979.996,4209144.0,2471283.2,16673.295,0.0,525742.8,1028239.9,277914.4,111637.016,8727110.0,-32545.0,-0.37
2001-09-01,974087.7,0.0,0.0,6579606.5,479405.03,183366.2,338064.5,0.0,0.0,1377.2557,0.0,8555907.0,51444.418,0.0,44915.277,4206085.0,2430647.5,22503.004,0.0,436110.6,1009559.1,275659.4,109640.68,8586565.0,-30658.0,-0.36
2001-09-20,938044.25,0.0,0.0,6571778.5,455687.97,179276.02,331000.34,0.0,0.0,1384.9901,0.0,8477172.0,55320.96,0.0,40495.453,4207074.0,2433468.5,21641.584,0.0,367633.84,1008892.5,252666.22,107133.44,8494326.0,-17154.0,-0.2
2001-10-01,886183.2,0.0,0.0,6572206.0,476667.72,179839.64,325606.44,0.0,0.0,1383.4224,0.0,8441885.0,61311.906,0.0,40454.234,4205494.5,2394048.2,18796.947,0.0,376514.44,1009818.6,252694.88,102566.22,8461700.0,-19815.0,-0.23
2001-11-01,775790.94,0.0,0.0,6562630.0,697640.06,187303.86,456839.78,0.0,0.0,1423.8534,0.0,8681629.0,632256.2,0.0,32115.908,4211741.0,2512459.5,13619.339,0.0,44755.105,1020493.44,230020.77,2904.0642,8700365.0,-18736.0,-0.22
2001-11-13,969208.56,0.0,0.0,6546011.0,3106747.8,212089.58,1632734.2,0.0,0.0,1579.5973,0.0,12468371.0,4407160.0,0.0,22215.463,4220821.5,2121514.2,8441.234,0.0,3396.725,1035506.06,155239.56,0.0,11974295.0,494076.0,4.04
2001-11-23,496220.16,0.0,0.0,6540586.5,1921479.2,172311.3,1379849.2,0.0,0.0,1520.4238,0.0,10511966.0,2718045.2,0.0,22304.006,4233461.0,2243807.8,11440.525,0.0,1382.0895,1067775.9,155577.4,0.0,10453794.0,58172.0,0.55
2001-11-25,461685.66,0.0,0.0,6536677.5,3477446.5,192291.78,1642737.6,0.0,0.0,1562.6603,0.0,12312403.0,4628089.5,0.0,22318.146,4238023.5,2149123.2,9510.7,0.0,3356.5398,1078018.0,155703.12,0.0,12284143.0,28260.0,0.23
2001-12-01,1529872.5,0.0,0.0,6526816.0,1391435.8,166406.55,2989164.0,0.0,0.0,1575.9381,0.0,12605271.0,3542851.8,0.0,22340.242,4257102.5,3497953.5,27398.555,0.0,2292.2644,1100217.8,156001.06,0.0,12606158.0,-887.0,-0.01
2001-12-02,724450.7,0.0,0.0,6514869.0,7701214.0,282324.66,4380192.5,0.0,0.0,1826.0114,0.0,19604878.0,11587560.0,0.0,18738.506,4260343.5,2073997.0,3952.2583,0.0,838.2195,1163171.1,145588.86,0.0,19254190.0,350688.0,1.8
2002-01-01,368054.8,0.0,0.0,6492563.5,2969845.8,242374.38,4526244.0,0.0,0.0,1717.427,0.0,14600799.0,5641875.5,0.0,18937.48,4297040.0,3146278.2,16381.694,0.0,2838.609,1324977.5,146423.14,0.0,14594753.0,6046.0,0.04
2002-02-01,1149608.8,0.0,0.0,6506305.5,671819.06,328236.03,1809235.6,0.0,0.0,1555.9135,0.0,10466761.0,999924.4,0.0,19010.951,4292524.0,3793830.8,16572.213,0.0,5428.421,1320345.2,140774.42,0.0,10588409.0,-121648.0,-1.16
2002-03-01,992691.06,0.0,0.0,6518827.0,575394.25,168841.62,1422623.1,0.0,0.0,1491.63,0.0,9679869.0,633063.2,0.0,19026.807,4273701.0,3272464.2,22979.516,0.0,26511.771,1275397.6,150349.12,0.0,9673493.0,6376.0,0.07
2002-04-01,935906.2,0.0,0.0,6526800.5,516624.9,180334.61,1183634.6,0.0,0.0,1488.3702,0.0,9344789.0,434855.34,0.0,19117.371,4262119.0,3152664.5,21260.725,0.0,55126.324,1243684.4,154530.77,0.0,9343358.0,1431.0,0.02
2002-05-01,865327.8,0.0,0.0,6539301.5,497829.44,189498.2,778439.7,0.0,0.0,1456.8003,0.0,8871854.0,287950.4,0.0,22836.984,4245722.0,2812242.8,15930.703,0.0,111622.516,1185740.1,190858.44,94.5108,8872998.0,-1144.0,-0.01
2002-06-01,1398158.9,0.0,0.0,6554922.5,476464.38,191254.75,635593.94,0.0,0.0,1437.9161,0.0,9257833.0,159608.69,0.0,32096.066,4230346.0,2686776.2,13734.218,0.0,668094.5,1136904.6,221971.4,117504.4,9267035.0,-9202.0,-0.1
2002-07-01,1389055.4,0.0,0.0,6575417.5,490533.22,186167.17,639750.94,0.0,0.0,1443.7571,0.0,9282368.0,222159.11,0.0,40269.492,4218148.5,2540349.5,15800.204,0.0,798744.25,1083527.4,256105.92,134676.08,9309780.0,-27412.0,-0.29
2002-08-01,1070336.9,0.0,0.0,6577229.5,470728.62,184246.94,477304.3,0.0,0.0,1410.4956,0.0,8781256.0,89713.95,0.0,45583.492,4214720.5,2488332.5,21660.941,0.0,523120.62,1048111.7,273358.66,114710.31,8819313.0,-38057.0,-0.43
2002-09-01,973344.2,0.0,0.0,6577781.5,470479.34,183126.16,432536.78,0.0,0.0,1403.373,0.0,8638671.0,61726.934,0.0,45413.13,4212334.5,2432253.2,25651.238,0.0,479720.25,1030932.44,269604.97,111430.83,8669067.0,-30396.0,-0.35
2002-10-01,788832.6,0.0,0.0,6569397.5,458039.0,181822.03,402952.6,0.0,0.0,1391.7687,0.0,8402436.0,104649.32,0.0,40814.832,4212495.5,2403883.2,22082.873,0.0,253151.22,1031027.5,251780.22,102905.86,8422790.0,-20354.0,-0.24
2002-11-01,709025.7,0.0,0.0,6559193.5,427408.47,176975.88,369866.38,0.0,0.0,1403.9807,0.0,8243874.0,116406.68,0.0,32228.57,4214319.0,2426701.2,21763.834,0.0,187504.48,1033140.56,223652.55,5715.76,8261432.5,-17558.5,-0.21
2002-11-08,574291.3,0.0,0.0,6553918.0,2054055.0,211687.03,571083.94,0.0,0.0,1544.8549,0.0,9966580.0,2313247.5,0.0,22256.842,4219080.0,2150446.8,17792.082,0.0,36978.45,1036195.4,163128.08,743.2002,9959867.0,6713.0,0.07
2002-12-01,663137.5,0.0,0.0,6544274.0,419895.12,163959.98,387545.03,0.0,0.0,1425.2448,0.0,8180236.5,163192.94,0.0,22371.512,4225462.5,2495010.0,14556.539,0.0,40396.293,1059863.4,163767.4,285.5121,8184906.5,-4670.0,-0.06
2002-12-14,852538.6,0.0,0.0,6536126.5,7236545.5,290296.97,1959023.9,0.0,0.0,1980.4794,0.0,16876510.0,8904740.0,0.0,18802.107,4231491.0,2023463.2,8395.425,0.0,1627.3619,1071749.6,153565.1,0.0,16413833.0,462677.0,2.78
2002-12-15,1526109.5,0.0,0.0,6517674.5,11011197.0,440611.03,4267950.0,0.0,0.0,2775.2659,0.0,23766318.0,14888772.0,0.0,18806.258,4243287.5,1934539.5,4578.9204,0.0,1181.7942,1188481.9,154547.53,0.0,22434196.0,1332122.0,5.77
2002-12-16,798708.06,0.0,0.0,6519912.0,5139090.0,307334.1,4997920.0,0.0,0.0,2162.2375,0.0,17765126.0,9461354.0,0.0,18809.578,4253967.5,2553002.5,5789.2554,0.0,1007.1611,1177465.2,154115.86,0.0,17625512.0,139614.0,0.79
2002-12-17,591318.2,0.0,0.0,6508839.0,6424724.0,348412.94,6175205.0,0.0,0.0,2032.2203,0.0,20050532.0,11922075.0,0.0,18814.26,4264501.5,2271628.5,7467.868,0.0,1421.4073,1210509.4,154180.23,0.0,19850598.0,199934.0,1.0
2002-12-21,421747.53,0.0,0.0,6495631.0,6036733.5,406112.22,5497060.5,0.0,0.0,2149.832,0.0,18859434.0,10738189.0,0.0,18883.318,4287202.0,2294622.5,1223.0631,0.0,636.1181,1276007.2,154910.28,0.0,18771674.0,87760.0,0.47
2003-01-01,387109.4,0.0,0.0,6477495.0,3872766.0,337867.0,5932035.5,0.0,0.0,1851.5533,0.0,17009124.0,8189191.0,0.0,18978.232,4323203.0,2955934.0,9769.644,0.0,964.6169,1359681.6,155506.44,0.0,17013228.0,-4104.0,-0.02
2003-02-01,1434273.0,0.0,0.0,6498230.5,675141.4,162215.7,2244205.0,0.0,0.0,1532.7106,0.0,11015599.0,1318168.6,0.0,19086.25,4305900.5,3795276.2,47831.63,0.0,13029.816,1350991.0,153346.6,0.0,11003632.0,11967.0,0.11
2003-03-01,1032323.25,0.0,0.0,6516717.5,598286.6,172467.06,1448075.0,0.0,0.0,1514.4595,0.0,9769384.0,656686.7,0.0,19093.17,4278735.0,3314343.0,25337.232,0.0,13236.779,1303125.6,157669.61,0.0,9768228.0,1156.0,0.01
2003-04-01,1023864.25,0.0,0.0,6525560.5,546118.56,176594.88,1296262.9,0.0,0.0,1494.9316,0.0,9569896.0,525406.2,0.0,19094.863,4267371.5,3250381.5,27864.586,0.0,47044.535,1269379.9,162613.95,0.0,9569157.0,739.0,0.01
2003-05-01,1143231.8,0.0,0.0,6519937.0,1124852.4,164771.06,2538917.8,0.0,0.0,1645.2504,0.0,11493355.0,1934941.9,0.0,22820.596,4270255.5,3728639.5,27375.412,0.0,52401.945,1291407.6,164141.0,78.1343,11492062.0,1293.0,0.01
2003-06-01,1300762.2,0.0,0.0,6539124.5,457234.1,177621.39,1112427.5,0.0,0.0,1469.2535,0.0,9588639.0,482266.6,0.0,32214.553,4252459.5,2965716.0,27119.096,0.0,330112.75,1236513.0,200644.02,62818.09,9589863.0,-1224.0,-0.01
2003-07-01,1600001.2,0.0,0.0,6564445.5,458833.2,182008.27,771266.06,0.0,0.0,1441.1039,0.0,9577995.0,236703.92,0.0,40451.73,4227430.0,2735604.0,20968.74,0.0,807064.5,1155163.0,255368.84,123754.266,9602509.0,-24514.0,-0.26
2003-08-01,1214435.2,0.0,0.0,6576593.0,474903.53,182431.98,651186.6,0.0,0.0,1422.5466,0.0,9100973.0,189068.97,0.0,45784.06,4216803.0,2594545.8,21603.844,0.0,575509.94,1094661.0,276440.97,116671.88,9131090.0,-30117.0,-0.33
2003-09-01,1076481.2,0.0,0.0,6575552.5,469018.5,179651.31,583333.5,0.0,0.0,1409.7322,0.0,8885448.0,153171.0,0.0,46013.402,4212942.5,2524321.5,20882.035,0.0,509465.4,1068505.5,264161.75,113023.914,8912488.0,-27040.0,-0.3
2003-10-01,891133.44,0.0,0.0,6570815.5,456570.53,180015.44,521304.72,0.0,0.0,1390.9644,0.0,8621231.0,153578.05,0.0,41577.223,4210240.0,2481491.2,13288.725,0.0,327230.56,1059181.8,250788.9,106515.836,8643893.0,-22662.0,-0.26
2003-11-01,717204.6,0.0,0.0,6561032.5,469912.56,178677.92,447921.4,0.0,0.0,1395.8802,0.0,8376145.0,260934.73,0.0,32899.23,4213428.5,2471748.2,13952.69,0.0,106887.836,1059686.2,225275.08,4692.5073,8389506.0,-13361.0,-0.16
2003-12-01,540535.25,0.0,0.0,6543099.0,884027.56,159992.86,510488.84,0.0,0.0,1456.5698,0.0,8639600.0,723696.0,0.0,22800.89,4228350.5,2425875.0,9803.892,0.0,6544.6646,1083151.1,142303.94,0.0,8642526.0,-2926.0,-0.03
2003-12-30,546875.1,0.0,0.0,6492954.0,10724163.0,455537.28,4983326.5,0.0,0.0,2617.998,0.0,23205474.0,15066180.0,0.0,19222.773,4285209.5,2052661.4,1429.2645,0.0,753.5883,1360042.8,175883.86,0.0,22961384.0,244090.0,1.06
2004-01-01,1925388.2,0.0,0.0,6501260.0,1567241.0,208702.22,4587747.0,0.0,0.0,1924.6198,0.0,14792263.0,4591116.0,0.0,19228.469,4296313.5,4358988.0,66820.46,0.0,2711.6401,1277370.6,175758.97,0.0,14788308.0,3955.0,0.03
2004-01-02,393913.7,0.0,0.0,6491636.0,4594603.0,291951.62,4991325.0,0.0,0.0,1790.5853,0.0,16765220.0,8162877.5,0.0,19260.215,4299579.0,2765215.8,17145.969,0.0,1081.4484,1332403.2,155583.58,0.0,16753146.0,12074.0,0.07
2004-02-01,948459.3,0.0,0.0,6512263.5,767476.75,161909.56,1804261.8,0.0,0.0,1526.166,0.0,10195898.0,940359.9,0.0,19293.555,4283429.0,3455891.0,27345.328,0.0,3723.609,1305262.0,155571.1,0.0,10190876.0,5022.0,0.05
2004-02-18,307726.03,0.0,0.0,6481579.0,8356417.5,446050.75,5104683.0,0.0,0.0,2310.4429,0.0,20698766.0,12229397.0,0.0,19307.744,4302677.0,2452467.8,895.3248,0.0,1578.5394,1476915.0,155217.3,0.0,20638458.0,60308.0,0.29
2004-03-01,1094610.9,0.0,0.0,6483728.0,1195711.5,146272.05,4461991.5,0.0,0.0,1703.555,0.0,13384018.0,3138931.5,0.0,19337.004,4323111.0,4189591.8,63464.625,0.0,13108.637,1460196.8,154463.97,0.0,13362206.0,21812.0,0.16
2004-04-01,1349544.8,0.0,0.0,6525603.5,477035.53,176156.7,1478399.2,0.0,0.0,1490.3483,0.0,10008229.0,801517.9,0.0,19403.834,4273280.0,3293023.8,38051.95,0.0,48010.734,1330362.6,197530.9,0.0,10001182.0,7047.0,0.07
2004-05-01,1543079.6,0.0,0.0,6541480.0,438194.6,179668.28,973703.75,0.0,0.0,1471.3826,0.0,9677597.0,401310.56,0.0,23092.633,4248984.0,2961727.8,27912.22,0.0,556531.4,1242137.4,217066.42,571.0346,9679333.0,-1736.0,-0.02
2004-06-01,1633975.5,0.0,0.0,6561436.0,461264.94,182804.4,768664.2,0.0,0.0,1452.002,0.0,9609596.0,239857.23,0.0,32492.426,4228608.5,2733619.0,19787.617,0.0,829157.75,1167099.8,244523.55,129925.28,9625071.0,-15475.0,-0.16
2004-07-01,1245416.1,0.0,0.0,6575848.0,458535.16,181424.08,650853.06,0.0,0.0,1426.1268,0.0,9113502.0,190803.16,0.0,40769.44,4217656.5,2605463.2,17431.93,0.0,550592.7,1110898.1,288456.44,134887.78,9156959.0,-43457.0,-0.48
2004-08-01,1121383.6,0.0,0.0,6575219.0,441459.25,178573.02,568364.94,0.0,0.0,1410.1805,0.0,8886410.0,132281.83,0.0,46033.332,4210366.5,2530153.8,17850.176,0.0,524908.1,1070909.4,264514.1,115299.195,8912315.0,-25905.0,-0.29
2004-08-29,1062792.9,0.0,0.0,6585819.5,464338.47,184863.12,499741.6,0.0,0.0,1406.65,0.0,8798963.0,106111.89,0.0,46012.44,4205445.5,2456020.2,17668.398,0.0,558786.8,1046957.94,293623.2,112762.49,8843388.0,-44425.0,-0.5
2004-09-01,980603.94,0.0,0.0,6583518.5,463047.47,184765.56,501184.0,0.0,0.0,1397.0055,0.0,8714517.0,104322.41,0.0,45993.816,4205772.0,2462065.5,18263.246,0.0,474011.38,1045821.4,293600.22,110697.1,8760547.0,-46030.0,-0.53
2004-10-01,834785.0,0.0,0.0,6570821.0,450958.7,179725.75,457853.4,0.0,0.0,1369.8484,0.0,8495513.0,113728.57,0.0,41520.215,4206080.0,2449594.0,18763.38,0.0,287158.53,1042354.94,252066.03,102892.91,8514159.0,-18646.0,-0.22
2004-11-01,743285.0,0.0,0.0,6556055.5,495906.44,175672.5,477580.25,0.0,0.0,1396.8169,0.0,8449897.0,293266.47,0.0,32885.8,4215379.0,2597000.8,15510.501,0.0,23291.184,1073352.5,204767.66,0.0,8455454.0,-5557.0,-0.07
2004-12-01,657024.25,0.0,0.0,6548059.5,488221.97,167568.44,464675.7,0.0,0.0,1413.1647,0.0,8326963.0,216271.06,0.0,22713.502,4225242.5,2584605.8,15940.44,0.0,9598.529,1088684.4,168876.64,0.0,8331933.0,-4970.0,-0.06
2004-12-08,505485.56,0.0,0.0,6542054.0,3313305.0,200364.89,1195927.4,0.0,0.0,1541.0836,0.0,11758677.0,4042683.5,0.0,19068.803,4232150.5,2160531.2,12998.749,0.0,648.0408,1093620.4,167502.89,0.0,11729204.0,29473.0,0.25
2004-12-09,678609.7,0.0,0.0,6531249.5,7384646.5,290676.53,2858091.8,0.0,0.0,1750.2346,0.0,17745024.0,9867645.0,0.0,19072.209,4239213.0,2000659.9,10367.678,0.0,2244.8364,1139575.6,167820.23,0.0,17446598.0,298426.0,1.7
2004-12-28,471702.06,0.0,0.0,6519821.0,7939214.0,332996.28,2702033.0,0.0,0.0,1809.8588,0.0,17967576.0,10332715.0,0.0,19078.326,4256272.5,1957901.0,4659.546,0.0,487.4757,1177322.6,168839.75,0.0,17917276.0,50300.0,0.28
2005-01-01,466241.53,0.0,0.0,6508750.0,3454436.5,221732.33,4552397.0,0.0,0.0,1683.1501,0.0,15205240.0,6771240.0,0.0,19088.266,4286477.0,2731154.2,25131.191,0.0,383.2815,1198076.0,169022.98,0.0,15200573.0,4667.0,0.03
2005-02-01,717351.2,0.0,0.0,6513314.5,1068207.8,207775.81,2310791.5,0.0,0.0,1562.9714,0.0,10819003.0,1606521.6,0.0,19196.992,4285654.0,3395015.0,23364.53,0.0,9402.041,1299345.6,164428.95,0.0,10802930.0,16073.0,0.15
2005-03-01,330334.8,0.0,0.0,6512840.5,2369582.8,201114.98,2327282.2,0.0,0.0,1593.9044,0.0,11742749.0,3149269.2,0.0,19206.996,4279467.0,2817419.2,17077.363,0.0,3131.668,1297006.6,160691.55,0.0,11743270.0,-521.0,-0.0
2005-04-01,1057143.0,0.0,0.0,6505440.5,966476.75,150275.6,2800958.8,0.0,0.0,1723.8798,0.0,11482019.0,1706915.2,0.0,19224.602,4294084.5,3880853.5,56419.555,0.0,25185.248,1327077.2,161114.67,0.0,11470875.0,11144.0,0.1
2005-05-01,1177009.0,0.0,0.0,6522067.5,482150.78,162501.42,1403300.8,0.0,0.0,1465.5133,0.0,9748496.0,637125.06,0.0,23069.13,4272901.5,3232019.0,34195.04,0.0,96906.36,1286321.0,163285.48,0.0,9745822.0,2674.0,0.03
2005-05-11,839528.0,0.0,0.0,6528939.5,3137726.0,204838.08,1890867.9,0.0,0.0,1574.6569,0.0,12603475.0,3626666.2,0.0,32420.02,4268944.5,2936148.8,23798.518,0.0,16481.281,1295603.4,214317.56,0.0,12414381.0,189094.0,1.51
2005-06-01,1229260.5,0.0,0.0,6533493.0,502156.9,175037.64,1735510.4,0.0,0.0,1457.6074,0.0,10176916.0,936555.8,0.0,32383.66,4264886.5,3292390.0,36697.68,0.0,113928.16,1279687.9,213420.97,6119.6978,10176071.0,845.0,0.01
2005-07-01,1511871.1,0.0,0.0,6551962.0,466253.84,175092.56,864320.2,0.0,0.0,1420.8003,0.0,9570921.0,275804.0,0.0,40620.62,4238003.5,2894393.2,25540.754,0.0,579125.0,1204492.4,240006.4,87670.15,9585655.0,-14734.0,-0.15
2005-07-07,1627180.6,0.0,0.0,6559040.5,469216.4,177352.75,828875.6,0.0,0.0,1426.0896,0.0,9663092.0,260075.39,0.0,46097.836,4235019.0,2833858.2,25926.83,0.0,735784.94,1186269.8,262313.72,99919.85,9685266.0,-22174.0,-0.23
2005-08-01,1514383.5,0.0,0.0,6569040.5,471030.56,178308.27,690994.8,0.0,0.0,1417.4817,0.0,9425175.0,170178.98,0.0,46027.316,4223241.0,2672202.2,26167.713,0.0,809872.75,1122838.6,261490.39,117718.36,9449737.0,-24562.0,-0.26
2005-09-01,1184515.6,0.0,0.0,6576242.5,464203.2,178834.58,587256.94,0.0,0.0,1396.7262,0.0,8992450.0,120309.055,0.0,46143.367,4215666.0,2577028.2,27513.74,0.0,564840.4,1083585.9,276893.78,116568.695,9028550.0,-36100.0,-0.4
2005-09-05,1061210.0,0.0,0.0,6567951.5,461904.16,174768.17,593888.0,0.0,0.0,1388.8357,0.0,8861111.0,144085.64,0.0,41726.383,4215508.5,2572111.8,28041.455,0.0,440726.03,1083025.6,229417.11,115330.125,8869972.0,-8861.0,-0.1
2005-09-29,988064.5,0.0,0.0,6565181.5,455782.78,174222.55,535835.44,0.0,0.0,1385.2826,0.0,8720472.0,103376.945,0.0,41497.17,4213195.0,2527093.2,24446.553,0.0,404856.1,1073966.9,230443.61,110476.64,8729352.0,-8880.0,-0.1
2005-10-01,990749.3,0.0,0.0,6565722.5,452724.4,174100.28,523420.22,0.0,0.0,1383.0956,0.0,8708100.0,92307.08,0.0,41472.74,4211952.5,2528019.0,24381.736,0.0,406697.34,1070392.9,230451.81,112060.305,8717735.0,-9635.0,-0.11
2005-11-01,759511.06,0.0,0.0,6558514.5,511828.4,173602.45,488779.72,0.0,0.0,1399.418,0.0,8493635.0,194201.83,0.0,32866.29,4216506.5,2576913.0,23966.555,0.0,159058.19,1075508.8,223367.27,2734.95,8505123.0,-11488.0,-0.14
2005-12-01,941769.56,0.0,0.0,6550813.0,596080.5,169684.5,560951.1,0.0,0.0,1446.0885,0.0,8820745.0,433984.47,0.0,22771.578,4225050.5,2843971.5,19245.57,0.0,3638.9392,1092787.4,174819.86,0.0,8816270.0,4475.0,0.05
2005-12-02,635323.94,0.0,0.0,6544326.5,3697658.8,214565.19,1565128.0,0.0,0.0,1600.9377,0.0,12658603.0,4790397.0,0.0,19099.168,4228189.5,2191324.2,14060.912,0.0,1986.9791,1097614.1,153131.12,0.0,12495803.0,162800.0,1.29
2005-12-19,566028.2,0.0,0.0,6530901.0,6317062.5,263116.16,1958426.9,0.0,0.0,1683.5703,0.0,15637219.0,7942548.5,0.0,19136.287,4237948.0,2000957.8,10795.255,0.0,1511.2365,1128035.9,154783.3,0.0,15495716.0,141503.0,0.91
2005-12-20,582426.2,0.0,0.0,6527940.0,5692719.0,393803.5,2910884.0,0.0,0.0,1819.646,0.0,16109592.0,7989407.5,0.0,19137.73,4242365.0,2441626.0,5072.4976,0.0,2007.6871,1165213.0,155038.52,0.0,16019868.0,89724.0,0.56
2005-12-22,408129.28,0.0,0.0,6525221.0,4076081.8,276764.66,5113410.0,0.0,0.0,1758.0042,0.0,16401365.0,8478038.0,0.0,19140.316,4249702.5,2279311.0,7325.6523,0.0,2308.3464,1182994.0,155197.73,0.0,16374017.0,27348.0,0.17
2005-12-23,460819.03,0.0,0.0,6519379.0,5681745.0,352905.6,5378650.0,0.0,0.0,1770.7161,0.0,18395270.0,10423513.0,0.0,19161.188,4254166.0,2272950.2,7625.532,0.0,3059.9607,1217154.0,155334.12,0.0,18352964.0,42306.0,0.23
2005-12-31,467875.78,0.0,0.0,6496733.5,6776707.5,550078.6,5723333.5,0.0,0.0,2266.0288,0.0,20016996.0,11467332.0,0.0,19260.242,4269255.5,2613162.8,634.0359,0.0,1686.1893,1384120.5,156444.64,0.0,19911894.0,105102.0,0.53
2006-01-01,429916.16,0.0,0.0,6475967.5,8847623.0,716501.0,7180869.5,0.0,0.0,2221.0005,0.0,23653098.0,15158768.0,0.0,19267.178,4272522.0,2438649.2,13.5063,0.0,2188.5105,1493539.5,156540.77,0.0,23541488.0,111610.0,0.47
2006-01-03,2100067.0,0.0,0.0,6494395.0,2105513.5,447366.16,6847426.0,0.0,0.0,1950.1362,0.0,17996718.0,7539037.0,0.0,19295.654,4279102.5,4510377.5,78434.375,0.0,934.8286,1391743.0,167920.25,0.0,17986844.0,9874.0,0.05
2006-02-01,486895.0,0.0,0.0,6505331.0,1388370.5,195477.14,2958242.2,0.0,0.0,1618.0181,0.0,11535934.0,2169197.2,0.0,19316.996,4288857.5,3436927.0,36088.707,0.0,4689.77,1391015.4,167477.66,0.0,11513571.0,22363.0,0.19
2006-03-01,634751.6,0.0,0.0,6505533.5,4302191.0,261089.94,3197857.5,0.0,0.0,1724.1323,0.0,14903148.0,5902084.5,0.0,19295.754,4285572.0,3120287.0,9838.809,0.0,1759.0109,1392205.4,163293.89,0.0,14894336.0,8812.0,0.06
2006-04-01,188989.86,0.0,0.0,6481980.5,3300750.0,224893.5,4709994.5,0.0,0.0,1778.0325,0.0,14908386.0,5570796.5,0.0,19326.096,4323632.0,3269358.5,16344.433,0.0,1020.3417,1547731.4,154040.12,0.0,14902247.0,6139.0,0.04
2006-05-01,1945350.8,0.0,0.0,6495080.0,488529.97,158170.55,2870413.2,0.0,0.0,1559.4491,0.0,11959104.0,1745179.0,0.0,23352.523,4317699.5,4043651.5,53992.316,0.0,68200.18,1536845.0,155205.27,0.0,11944124.0,14980.0,0.13
2006-06-01,1944570.6,0.0,0.0,6540398.0,426209.06,187573.89,1671600.5,0.0,0.0,1477.6409,0.0,10771830.0,942289.8,0.0,32890.766,4259168.0,3279068.8,30580.932,0.0,528218.1,1369900.1,249412.86,90488.43,10782017.0,-10187.0,-0.09
2006-07-01,1916855.4,0.0,0.0,6559993.0,453286.94,181324.95,1247807.0,0.0,0.0,1451.0343,0.0,10360718.0,642589.3,0.0,41478.895,4235045.5,2924098.8,23988.42,0.0,879579.4,1248295.8,252350.56,130177.55,10377605.0,-16887.0,-0.16
2006-08-01,1457730.8,0.0,0.0,6576309.0,451780.6,181774.56,979314.06,0.0,0.0,1426.199,0.0,9648336.0,459674.75,0.0,47040.29,4221732.0,2739305.2,20280.465,0.0,616127.0,1172721.5,288612.84,120130.46,9685624.0,-37288.0,-0.39
2006-09-01,1306516.5,0.0,0.0,6575727.5,446498.97,179957.67,797374.0,0.0,0.0,1408.7218,0.0,9307484.0,294059.6,0.0,47105.535,4215063.5,2641866.5,17710.219,0.0,602973.8,1133796.6,271457.8,115470.78,9339505.0,-32021.0,-0.34
2006-10-01,1044411.3,0.0,0.0,6566412.5,442150.12,177865.2,672365.25,0.0,0.0,1389.4757,0.0,8904593.0,278135.66,0.0,42420.25,4212397.5,2598071.8,15560.8,0.0,307783.38,1115978.2,247799.16,104948.93,8923096.0,-18503.0,-0.21
2006-11-01,878777.0,0.0,0.0,6562857.5,446885.6,178989.34,576234.06,0.0,0.0,1414.2944,0.0,8645158.0,261311.9,0.0,33561.207,4215973.0,2588468.2,12685.865,0.0,199443.81,1112352.4,238200.75,5173.542,8667171.0,-22013.0,-0.25
2006-12-01,849858.4,0.0,0.0,6548457.0,490074.28,167230.16,573955.56,0.0,0.0,1428.4252,0.0,8631004.0,339545.53,0.0,23218.645,4226665.0,2696112.2,15097.707,0.0,24487.744,1128599.9,176975.08,0.0,8630701.0,303.0,0.0
2006-12-27,579312.75,0.0,0.0,6528937.5,4921661.5,246457.2,2118604.2,0.0,0.0,1721.1414,0.0,14396694.0,6460908.5,0.0,19511.865,4251745.0,2299313.2,5265.047,0.0,973.0953,1177675.6,158052.64,0.0,14373446.0,23248.0,0.16
2007-01-01,1048021.4,0.0,0.0,6527261.5,793621.94,149419.55,1725782.0,0.0,0.0,1493.1771,0.0,10245600.0,1440606.2,0.0,19517.2,4259814.0,3145965.5,26589.447,0.0,5246.3594,1188142.9,158174.39,0.0,10244055.0,1545.0,0.02
2007-02-01,834112.9,0.0,0.0,6537416.0,470747.97,173218.88,658959.2,0.0,0.0,1430.285,0.0,8675885.0,244532.64,0.0,19542.012,4244486.0,2778444.0,16476.547,0.0,10355.0625,1182370.8,179687.27,0.0,8675894.0,-9.0,-0.0
2007-02-10,567783.06,0.0,0.0,6525674.5,5857069.5,252835.55,2233721.8,0.0,0.0,1829.4414,0.0,15438914.0,7612906.5,0.0,19540.924,4252978.0,2140457.5,3466.8447,0.0,1033.5168,1208619.4,166960.31,0.0,15405964.0,32950.0,0.21
2007-02-11,656397.44,0.0,0.0,6516621.5,7083669.5,314085.9,4153646.8,0.0,0.0,1995.5385,0.0,18726416.0,10628631.0,0.0,19542.13,4261667.0,2208978.5,2648.0916,0.0,1360.7267,1255677.4,167244.78,0.0,18545748.0,180668.0,0.97
2007-03-01,675085.2,0.0,0.0,6511969.5,1825957.4,218133.73,3357898.8,0.0,0.0,1748.7247,0.0,12590794.0,3358454.2,0.0,19561.902,4280665.0,3426117.8,22528.836,0.0,713.3914,1289630.2,167070.05,0.0,12564741.0,26053.0,0.21
2007-04-01,1167917.0,0.0,0.0,6528760.5,449000.3,173356.89,841089.8,0.0,0.0,1468.7092,0.0,9161594.0,341358.06,0.0,19555.213,4258894.0,3015686.2,17549.014,0.0,104391.53,1231448.8,173131.3,0.0,9162014.0,-420.0,-0.0
2007-05-01,1107179.8,0.0,0.0,6542604.0,469586.34,186376.19,629940.2,0.0,0.0,1440.7993,0.0,8937128.0,172779.34,0.0,23268.592,4241441.0,2875901.8,16291.339,0.0,201851.34,1187901.2,219481.78,0.0,8938917.0,-1789.0,-0.02
2007-06-01,1412084.6,0.0,0.0,6554113.5,444772.66,186913.28,488013.44,0.0,0.0,1397.0156,0.0,9087294.0,86670.69,0.0,32593.127,4227714.0,2666668.2,12566.962,0.0,588100.75,1131848.9,230859.2,119846.586,9096869.0,-9575.0,-0.11
2007-07-01,1266385.2,0.0,0.0,6569449.5,485337.9,182003.48,414512.66,0.0,0.0,1400.1465,0.0,8919089.0,75224.67,0.0,40828.633,4215722.5,2540446.8,13792.075,0.0,589736.94,1076901.8,255015.33,129945.484,8937614.0,-18525.0,-0.21
2007-07-15,1206340.4,0.0,0.0,6574331.5,479876.12,181138.53,398014.03,0.0,0.0,1407.0901,0.0,8841108.0,49662.69,0.0,46254.617,4212436.5,2512617.8,15384.474,0.0,589548.06,1059374.5,261829.53,112590.27,8859699.0,-18591.0,-0.21
2007-08-01,1186824.9,0.0,0.0,6576032.0,463001.84,180153.75,368856.28,0.0,0.0,1393.5067,0.0,8776263.0,37371.54,0.0,46021.234,4210235.5,2491154.0,15988.347,0.0,584326.44,1042033.06,261691.88,111861.37,8800684.0,-24421.0,-0.28
2007-09-01,1063379.1,0.0,0.0,6571217.0,459630.12,178375.3,345994.3,0.0,0.0,1385.1179,0.0,8619981.0,39887.66,0.0,45764.59,4205814.5,2421022.8,13934.323,0.0,531208.0,1021386.0,236955.03,111027.086,8627001.0,-7020.0,-0.08
2007-10-01,825536.2,0.0,0.0,6564946.0,461473.5,179327.06,506791.25,0.0,0.0,1365.3674,0.0,8539439.0,251432.97,0.0,41250.918,4205830.5,2409816.0,14704.853,0.0,260809.11,1026276.06,233198.45,101151.21,8544470.0,-5031.0,-0.06
2007-11-01,692302.6,0.0,0.0,6550011.0,510913.78,170487.6,362272.44,0.0,0.0,1409.2751,0.0,8287397.0,235305.62,0.0,32780.08,4220194.0,2450024.8,14938.39,0.0,91638.99,1054815.1,187305.4,681.8115,8287684.0,-287.0,-0.0
2007-12-01,653442.44,0.0,0.0,6548531.0,564828.1,184571.11,327901.9,0.0,0.0,1412.6045,0.0,8280687.0,117088.28,0.0,22630.035,4220406.0,2461378.8,16870.936,0.0,75490.875,1055023.5,179071.9,28.6593,8147989.0,132698.0,1.62
2007-12-07,583324.25,0.0,0.0,6551654.5,966830.4,171620.89,428863.3,0.0,0.0,1453.233,0.0,8703747.0,786137.3,0.0,18996.639,4223534.5,2423909.5,13983.706,0.0,3923.822,1062452.0,171075.6,0.0,8704014.0,-267.0,-0.0
2007-12-19,616791.6,0.0,0.0,6546293.0,3287084.8,231430.47,1539933.6,0.0,0.0,1672.8192,0.0,12223206.0,4425614.0,0.0,19019.807,4226969.5,2150901.0,11480.224,0.0,593.1723,1076021.8,171481.61,0.0,12082082.0,141124.0,1.16
2007-12-20,704831.5,0.0,0.0,6547316.0,1410561.1,187316.73,1387071.6,0.0,0.0,1547.6426,0.0,10238646.0,2141301.8,0.0,19021.254,4227958.0,2564114.2,11852.575,0.0,562.2267,1083495.9,171407.4,0.0,10219713.0,18933.0,0.19
2008-01-01,641902.7,0.0,0.0,6542320.0,790280.06,164312.05,1019412.9,0.0,0.0,1445.1263,0.0,9159672.0,838018.8,0.0,19035.178,4238968.0,2754268.8,21862.44,0.0,2807.5977,1107453.8,171740.9,0.0,9154156.0,5516.0,0.06
2008-01-05,1106930.9,0.0,0.0,6515603.0,11903928.0,471769.56,3953716.0,0.0,0.0,2313.1846,0.0,23954262.0,15684284.0,0.0,19073.658,4246553.0,1866434.2,5188.634,0.0,797.2365,1229081.5,152525.72,0.0,23203940.0,750322.0,3.18
2008-01-06,1532522.6,0.0,0.0,6523406.5,2841581.5,233594.98,4595010.5,0.0,0.0,1733.5087,0.0,15727850.0,6624890.0,0.0,19080.31,4249694.0,3446007.5,18248.268,0.0,391.6068,1161899.9,152213.89,0.0,15672426.0,55424.0,0.35
2008-02-01,324175.6,0.0,0.0,6496231.0,3850602.5,287131.1,4498620.5,0.0,0.0,1768.9,0.0,15458529.0,6824098.5,0.0,19204.062,4295561.0,2842848.5,11482.157,0.0,561.7281,1303859.6,153450.47,0.0,15451066.0,7463.0,0.05
2008-03-01,1015395.7,0.0,0.0,6510353.0,847986.9,171755.22,2034197.2,0.0,0.0,1504.7583,0.0,10581193.0,1200850.8,0.0,19251.537,4283485.0,3543367.5,30191.416,0.0,17644.229,1302332.4,152153.48,0.0,10549274.0,31919.0,0.3
2008-04-01,1023026.75,0.0,0.0,6531223.5,475094.4,174462.4,900238.56,0.0,0.0,1458.5288,0.0,9105505.0,390838.94,0.0,19260.895,4257657.5,2960321.8,23724.994,0.0,50226.105,1222050.2,180452.66,0.0,9104533.0,972.0,0.01
2008-05-01,1111460.5,0.0,0.0,6546728.5,464453.94,176094.34,643625.44,0.0,0.0,1443.657,0.0,8943807.0,206088.62,0.0,22926.057,4238007.5,2756834.8,18441.451,0.0,336477.5,1159072.9,209583.53,775.1478,8948208.0,-4401.0,-0.05
2008-06-01,1317110.2,0.0,0.0,6554579.5,466863.0,168867.44,531793.1,0.0,0.0,1408.5646,0.0,9040622.0,116928.84,0.0,32137.457,4226857.5,2597815.2,18676.523,0.0,616776.6,1101756.1,198703.14,131417.48,9041068.0,-446.0,-0.0
2008-07-01,1149837.5,0.0,0.0,6572569.5,462236.62,178943.7,465423.75,0.0,0.0,1394.1316,0.0,8830405.0,83470.625,0.0,40309.715,4213098.0,2504103.8,18911.3,0.0,548351.3,1056080.9,258204.14,131101.52,8853632.0,-23227.0,-0.26
2008-08-01,1014976.06,0.0,0.0,6571724.5,450647.25,177999.16,498838.03,0.0,0.0,1392.748,0.0,8715578.0,140902.98,0.0,45588.938,4206921.0,2431584.8,15976.89,0.0,500013.78,1025815.75,244898.1,114576.586,8726280.0,-10702.0,-0.12
2008-09-01,893974.7,0.0,0.0,6569245.5,466153.2,177716.62,401752.88,0.0,0.0,1389.8214,0.0,8510232.0,115461.86,0.0,45635.586,4204628.5,2382061.5,16616.432,0.0,402793.5,1010135.56,222882.84,112039.02,8512255.0,-2023.0,-0.02
2008-09-28,829530.8,0.0,0.0,6571473.0,447561.4,179272.84,380909.94,0.0,0.0,1380.7185,0.0,8410129.0,64774.637,0.0,41030.973,4204122.5,2380216.0,19623.725,0.0,357013.44,1008435.06,245645.2,106442.96,8427304.0,-17175.0,-0.2
2008-10-01,826464.9,0.0,0.0,6569577.5,428703.2,178278.83,379421.88,0.0,0.0,1365.7465,0.0,8383812.0,74586.01,0.0,40999.47,4203736.0,2403604.2,19772.877,0.0,300356.34,1009312.3,245606.23,104697.29,8402671.0,-18859.0,-0.22
2008-11-01,555478.06,0.0,0.0,6553478.5,867474.56,178242.14,389149.78,0.0,0.0,1433.1846,0.0,8545256.0,718424.1,0.0,32485.844,4212587.0,2292491.2,18148.604,0.0,49380.008,1023027.6,192138.23,1059.4823,8539741.0,5515.0,0.06
2008-12-01,586831.4,0.0,0.0,6541032.5,438954.4,156094.94,393346.66,0.0,0.0,1423.0146,0.0,8117683.0,155527.56,0.0,22513.24,4223367.5,2442785.0,15091.329,0.0,54888.203,1050960.0,153519.66,0.116,8118652.5,-969.5,-0.01
2009-01-01,591359.9,0.0,0.0,6538463.0,619871.3,153532.53,670835.56,0.0,0.0,1445.7792,0.0,8575509.0,454354.34,0.0,18954.729,4236196.0,2615459.8,17830.488,0.0,4735.209,1079312.8,146768.12,0.0,8573611.0,1898.0,0.02
2009-02-01,557929.94,0.0,0.0,6536046.0,463213.2,158552.66,427466.62,0.0,0.0,1426.5498,0.0,8144634.5,121911.68,0.0,19024.752,4232554.0,2498818.2,19944.936,0.0,23715.695,1080801.5,146601.7,0.0,8143372.5,1262.0,0.02
2009-02-18,374290.78,0.0,0.0,6527632.0,4724659.5,236532.53,4052184.8,0.0,0.0,1677.8231,0.0,15916978.0,8043724.0,0.0,19036.062,4251448.5,2243879.5,16031.564,0.0,745.7199,1144048.0,171100.42,0.0,15890014.0,26964.0,0.17
2009-03-01,1121298.5,0.0,0.0,6516562.0,1204067.2,213118.55,2924982.2,0.0,0.0,1573.6027,0.0,11981603.0,2759824.0,0.0,19144.9,4275934.0,3505313.0,33681.133,0.0,14680.795,1185536.9,171561.16,0.0,11965676.0,15927.0,0.13
2009-04-01,1062064.5,0.0,0.0,6521734.5,514332.53,178055.52,992436.4,0.0,0.0,1488.7584,0.0,9270112.0,573654.3,0.0,19158.809,4264614.0,3003231.5,16412.021,0.0,40573.492,1191419.8,148027.67,0.0,9257092.0,13020.0,0.14
2009-05-01,1038096.7,0.0,0.0,6542282.5,439389.8,192969.73,594461.2,0.0,0.0,1442.7941,0.0,8808643.0,201225.47,0.0,22807.383,4240034.0,2715847.8,13286.041,0.0,278129.38,1125852.6,212709.94,189.9791,8810083.0,-1440.0,-0.02
2009-06-01,1200282.4,0.0,0.0,6546998.5,450031.25,187321.06,491473.9,0.0,0.0,1417.997,0.0,8877525.0,116874.484,0.0,31954.586,4232338.0,2624198.2,12276.512,0.0,463375.88,1092944.9,197038.45,108960.85,8879961.0,-2436.0,-0.03
2009-06-28,1328677.6,0.0,0.0,6563363.5,471327.72,191867.42,418134.38,0.0,0.0,1418.8995,0.0,8974789.0,74353.02,0.0,40024.816,4218791.5,2488781.2,10657.554,0.0,742498.3,1048389.6,220104.75,132151.89,8975754.0,-965.0,-0.01
2009-07-01,1224735.1,0.0,0.0,6561633.5,449398.75,190712.48,407948.72,0.0,0.0,1413.194,0.0,8835841.0,60162.77,0.0,39984.434,4217444.0,2500651.5,11119.939,0.0,616028.75,1044097.56,220054.92,130452.43,8839996.0,-4155.0,-0.05
2009-08-01,962159.0,0.0,0.0,6562280.5,448512.56,171149.36,376120.2,0.0,0.0,1401.0065,0.0,8521623.0,44490.098,0.0,45018.645,4213695.0,2422855.8,11834.429,0.0,455742.12,1011321.9,205826.67,112462.03,8523246.0,-1623.0,-0.02
2009-08-17,923078.0,0.0,0.0,6567711.5,448794.25,180513.3,355039.38,0.0,0.0,1389.9761,0.0,8476527.0,40342.64,0.0,45003.84,4207816.5,2390289.2,11342.838,0.0,451157.3,1001110.06,220602.36,110801.48,8478466.0,-1939.0,-0.02
2009-09-01,823086.56,0.0,0.0,6566605.5,452247.8,179157.86,348590.66,0.0,0.0,1382.7627,0.0,8371071.5,67591.87,0.0,44831.42,4206652.0,2374602.5,12252.304,0.0,342977.2,996032.7,220483.55,109780.66,8375204.0,-4132.5,-0.05
2009-09-07,792167.1,0.0,0.0,6565033.5,451913.66,173485.3,344036.88,0.0,0.0,1375.3972,0.0,8328012.0,68757.84,0.0,40515.617,4206766.5,2368400.8,12205.109,0.0,320984.97,995518.3,205331.56,108797.81,8327279.0,733.0,0.01
2009-10-01,719649.4,0.0,0.0,6560632.5,441769.56,173230.17,328951.44,0.0,0.0,1370.3877,0.0,8225603.5,94962.71,0.0,40410.92,4206472.5,2346401.2,11089.972,0.0,224089.02,993132.8,205536.08,104624.81,8226720.0,-1116.5,-0.01
2009-10-14,522809.4,0.0,0.0,6547290.5,3566192.2,219817.78,1135144.4,0.0,0.0,1544.925,0.0,11992799.0,4566612.5,0.0,32092.512,4217218.5,1993373.8,9059.115,0.0,7774.3975,1000875.9,149413.45,0.0,11976420.0,16379.0,0.14
2009-11-01,592511.25,0.0,0.0,6540872.0,451715.44,150967.84,402980.25,0.0,0.0,1408.3174,0.0,8140455.5,210989.11,0.0,32136.338,4221538.5,2415190.2,12345.332,0.0,80617.3,1024068.9,149574.1,805.3212,8147265.5,-6810.0,-0.08
2009-12-01,549952.75,0.0,0.0,6546401.5,467759.34,168599.8,345405.4,0.0,0.0,1403.2445,0.0,8079522.0,143603.0,0.0,22248.3,4222062.5,2444792.5,15027.633,0.0,33905.742,1032950.5,169373.34,0.092896,8083963.5,-4441.5,-0.05
2010-01-01,484141.97,0.0,0.0,6543158.5,672724.3,161182.56,660631.7,0.0,0.0,1443.904,0.0,8523283.0,477418.72,0.0,18741.105,4233211.0,2554441.5,14975.071,0.0,1213.5507,1060949.1,151439.17,0.0,8512389.0,10894.0,0.13
2010-01-19,400831.9,0.0,0.0,6524656.0,6772146.5,320156.25,2884283.5,0.0,0.0,1784.6598,0.0,16903858.0,9312513.0,0.0,18806.064,4246162.5,1960966.5,7024.683,0.0,620.7975,1115716.9,143261.7,0.0,16805072.0,98786.0,0.59
2010-01-20,419651.62,0.0,0.0,6516978.5,7109273.5,392857.66,4684735.0,0.0,0.0,1909.8978,0.0,19125406.0,11247122.0,0.0,18809.115,4253924.0,2080235.8,4076.0496,0.0,1099.7108,1162326.6,143455.86,0.0,18911048.0,214358.0,1.13
2010-01-21,353625.94,0.0,0.0,6506443.5,7944249.0,473194.84,6034050.0,0.0,0.0,2149.1038,0.0,21313714.0,13444532.0,0.0,18815.607,4266390.5,2103883.8,2266.1975,0.0,948.8905,1220929.2,143783.67,0.0,21201550.0,112164.0,0.53
2010-01-22,766466.5,0.0,0.0,6503897.0,3869659.2,365126.62,6295830.5,0.0,0.0,1825.267,0.0,17802806.0,9139778.0,0.0,18823.516,4277566.0,2956166.2,18861.143,0.0,335.0633,1190033.4,143542.38,0.0,17745106.0,57700.0,0.32
2010-01-23,1518734.2,0.0,0.0,6504870.5,2469378.0,327592.44,5926968.5,0.0,0.0,1798.6248,0.0,16749343.0,7266096.5,0.0,18900.008,4284402.5,3753916.2,71132.06,0.0,380.4663,1180234.1,143594.38,0.0,16718655.0,30688.0,0.18
2010-02-01,1394243.8,0.0,0.0,6496537.0,1197336.0,286183.5,3435107.0,0.0,0.0,1628.766,0.0,12811036.0,3216307.5,0.0,18966.07,4304704.5,3829966.8,35822.285,0.0,5711.751,1238847.0,143602.19,0.0,12793928.0,17108.0,0.13
2010-03-01,873831.56,0.0,0.0,6508406.5,1245525.0,221546.38,2760310.0,0.0,0.0,1590.6909,0.0,11611210.0,2152350.0,0.0,18996.152,4289294.5,3674445.5,22692.547,0.0,10237.137,1263873.1,157326.33,0.0,11589215.0,21995.0,0.19
2010-04-01,578249.44,0.0,0.0,6520803.0,1310496.5,208537.83,1780321.1,0.0,0.0,1594.0533,0.0,10400002.0,1813038.8,0.0,19018.912,4274565.0,2850336.5,15613.567,0.0,869.9641,1251582.1,170659.28,0.0,10395684.0,4318.0,0.04
2010-05-01,873250.56,0.0,0.0,6506597.0,782957.75,170549.02,1909596.5,0.0,0.0,1519.7092,0.0,10244470.0,1090980.0,0.0,22688.129,4286121.0,3379747.0,27557.414,0.0,26397.47,1267316.6,108947.984,0.0,10209755.0,34715.0,0.34
2010-06-01,933584.3,0.0,0.0,6529658.0,633094.3,179482.48,1237452.8,0.0,0.0,1487.3125,0.0,9514759.0,637179.8,0.0,31861.3,4258698.5,3124167.5,25111.883,0.0,64063.926,1210587.6,158449.36,7542.982,9517663.0,-2904.0,-0.03
2010-07-01,1402873.5,0.0,0.0,6552532.0,454897.34,201113.34,870423.75,0.0,0.0,1430.0713,0.0,9483270.0,359857.9,0.0,40170.21,4233976.0,2754044.0,15865.468,0.0,610719.7,1137906.6,218684.19,113454.14,9484678.0,-1408.0,-0.01
2010-08-01,1209731.0,0.0,0.0,6561907.0,457741.6,190571.64,731495.2,0.0,0.0,1422.1775,0.0,9152868.0,271720.22,0.0,45403.973,4219942.5,2593668.5,13385.064,0.0,586501.75,1079239.5,228635.19,119504.164,9158001.0,-5133.0,-0.06
2010-09-01,980994.8,0.0,0.0,6567578.0,452519.03,187151.4,645509.4,0.0,0.0,1403.513,0.0,8835157.0,212706.0,0.0,45446.008,4213856.0,2518008.0,12903.289,0.0,438335.2,1052074.4,239492.98,114160.984,8846983.0,-11826.0,-0.13
2010-10-01,850327.8,0.0,0.0,6564528.5,462792.38,182689.72,576069.1,0.0,0.0,1391.4744,0.0,8637799.0,177106.97,0.0,40922.73,4211452.0,2466910.0,14212.733,0.0,362352.16,1037887.3,218797.47,110928.29,8640569.0,-2770.0,-0.03
2010-10-26,1174883.6,0.0,0.0,6544528.5,1866890.9,181625.36,1782017.0,0.0,0.0,1534.0605,0.0,11551479.0,2994537.8,0.0,32557.676,4227579.5,2614398.0,15157.026,0.0,6356.815,1064902.9,188348.73,0.0,11143839.0,407640.0,3.59
2010-11-01,913013.8,0.0,0.0,6545085.0,727978.9,163112.17,1332781.5,0.0,0.0,1455.2365,0.0,9683427.0,1186656.8,0.0,32608.268,4234590.5,2933540.5,22960.592,0.0,3378.8342,1081117.2,188495.61,0.0,9683349.0,78.0,0.0
2010-11-19,717520.9,0.0,0.0,6538123.5,495353.75,154664.58,985779.0,0.0,0.0,1460.5626,0.0,8892903.0,616232.8,0.0,22632.502,4241357.5,2731211.5,24635.672,0.0,9628.998,1094258.0,151817.84,0.0,8891775.0,1128.0,0.01
2010-12-01,509294.2,0.0,0.0,6534624.5,814790.1,154721.0,1439456.4,0.0,0.0,1488.2596,0.0,9454374.0,1095625.2,0.0,22669.537,4247240.0,2791155.8,24303.625,0.0,4643.6807,1116860.2,152057.11,0.0,9454555.0,-181.0,-0.0
2011-01-01,1272636.1,0.0,0.0,6491979.5,1421839.8,196867.69,4719749.0,0.0,0.0,1741.2097,0.0,14104813.0,4232542.0,0.0,19174.54,4311952.5,4029939.5,53118.14,0.0,2490.8171,1287952.9,163508.66,0.0,14100679.0,4134.0,0.03
2011-02-01,860043.4,0.0,0.0,6509256.0,722524.75,158276.47,1563019.8,0.0,0.0,1491.845,0.0,9814612.0,838827.9,0.0,19240.582,4283065.5,3225623.5,22931.508,0.0,3152.6565,1262247.9,134008.6,0.0,9789099.0,25513.0,0.26
2011-03-01,652594.2,0.0,0.0,6507424.5,1030796.6,159376.22,2553987.0,0.0,0.0,1564.9103,0.0,10905743.0,1471109.6,0.0,19271.336,4289100.5,3615789.8,35068.36,0.0,5923.875,1300206.8,152747.12,0.0,10889217.0,16526.0,0.15
2011-04-01,1853834.6,0.0,0.0,6477357.5,943558.25,149009.45,5161724.5,0.0,0.0,1719.4526,0.0,14587203.0,3665442.5,0.0,19411.727,4338244.0,4797948.5,54949.836,0.0,34804.887,1506588.6,127671.74,0.0,14545062.0,42141.0,0.29
2011-05-01,1367014.4,0.0,0.0,6513517.0,481973.06,150684.66,1796505.0,0.0,0.0,1520.2993,0.0,10311214.0,1053174.9,0.0,23127.965,4283285.0,3328945.5,40356.22,0.0,86507.94,1341213.0,143393.86,0.0,10300005.0,11209.0,0.11
2011-05-12,1466826.9,0.0,0.0,6535081.5,433996.28,156906.27,1544143.0,0.0,0.0,1483.6653,0.0,10138438.0,880633.75,0.0,32500.918,4263213.5,3158289.2,40778.934,0.0,193698.69,1299049.1,207118.95,58538.406,10133821.0,4617.0,0.05
2011-06-01,864194.1,0.0,0.0,6539620.0,776391.0,176473.61,1320332.0,0.0,0.0,1483.504,0.0,9678494.0,856886.5,0.0,32562.414,4252164.0,3017975.5,26832.605,0.0,15894.619,1274476.5,205731.0,117.8703,9682641.0,-4147.0,-0.04
2011-07-01,1319610.6,0.0,0.0,6543866.5,523335.7,167423.11,1055394.6,0.0,0.0,1452.9896,0.0,9611084.0,508561.0,0.0,41088.816,4242840.0,3028880.8,20697.05,0.0,321379.44,1219978.1,190494.55,30998.42,9604919.0,6165.0,0.06
2011-08-01,1362925.4,0.0,0.0,6554452.5,447226.75,176211.2,828661.4,0.0,0.0,1428.0928,0.0,9370905.0,324583.06,0.0,46585.918,4225695.0,2716246.8,18807.8,0.0,561543.7,1147542.9,212992.4,116102.11,9370099.0,806.0,0.01
2011-09-01,1117809.5,0.0,0.0,6565959.5,459911.66,177040.02,685450.0,0.0,0.0,1412.9512,0.0,9007583.0,224648.9,0.0,46711.164,4216649.0,2598613.8,18460.623,0.0,454502.25,1103254.0,242269.19,116733.74,9021843.0,-14260.0,-0.16
2011-10-01,1028894.6,0.0,0.0,6560001.5,441438.5,174478.3,597112.4,0.0,0.0,1397.6816,0.0,8803323.0,177590.53,0.0,42048.96,4214635.0,2548246.0,15848.459,0.0,393130.1,1078593.2,221416.67,111625.84,8803135.0,188.0,0.0
2011-11-01,797363.56,0.0,0.0,6547153.5,478478.7,154342.58,540407.56,0.0,0.0,1449.9558,0.0,8519196.0,189737.08,0.0,33428.42,4227666.0,2578626.0,20213.215,0.0,202432.44,1096433.2,164731.11,1188.5779,8514456.0,4740.0,0.06
2011-12-01,711228.56,0.0,0.0,6544104.0,621541.9,162940.4,590565.06,0.0,0.0,1467.097,0.0,8631847.0,273104.25,0.0,23117.12,4230566.5,2667179.2,17631.686,0.0,11009.909,1118204.5,165911.75,0.0,8506725.0,125122.0,1.46
2012-01-01,660950.1,0.0,0.0,6541969.5,479526.22,161999.78,478480.4,0.0,0.0,1454.2528,0.0,8324380.5,186423.69,0.0,19379.068,4229367.5,2556099.2,19512.896,0.0,27015.51,1112231.1,166827.31,0.1272,8316856.0,7524.5,0.09
2012-01-22,897191.94,0.0,0.0,6534331.5,5195310.0,248584.89,1862372.5,0.0,0.0,1655.142,0.0,14739447.0,6582079.0,0.0,19428.344,4234853.5,2184147.8,12584.465,0.0,738.4174,1129315.6,153143.11,0.0,14316290.0,423157.0,2.91
2012-01-23,1186213.2,0.0,0.0,6536198.5,3634911.2,224114.88,2600263.5,0.0,0.0,1663.0778,0.0,14183365.0,5574387.5,0.0,19432.197,4237050.5,2900931.8,11826.436,0.0,461.0161,1136872.4,153242.48,0.0,14034203.0,149162.0,1.06
2012-01-24,598050.25,0.0,0.0,6523175.5,5963803.0,234313.81,3506027.0,0.0,0.0,1726.464,0.0,16827096.0,8862546.0,0.0,19434.506,4243307.5,2228180.8,13644.609,0.0,1164.8773,1164832.4,153403.47,0.0,16686514.0,140582.0,0.84
2012-02-01,853490.06,0.0,0.0,6532589.5,761877.3,153764.92,1392912.6,0.0,0.0,1494.354,0.0,9696129.0,1066851.1,0.0,19451.354,4249781.0,3014519.5,25289.463,0.0,6632.756,1162097.9,153336.62,0.0,9697960.0,-1831.0,-0.02
2012-03-01,461589.34,0.0,0.0,6534648.0,1899092.0,175589.33,939615.5,0.0,0.0,1520.5062,0.0,10012055.0,1945503.4,0.0,19443.664,4244866.0,2465640.2,15665.909,0.0,786.1309,1163995.2,156333.8,0.0,10012234.0,-179.0,-0.0
2012-04-01,313322.7,0.0,0.0,6507810.0,3070354.8,253744.17,3695613.8,0.0,0.0,1754.8896,0.0,13842600.0,5195730.5,0.0,19452.576,4279159.0,2884820.8,11908.759,0.0,1073.7261,1293226.6,148104.94,0.0,13833478.0,9122.0,0.07
2012-05-01,1176904.9,0.0,0.0,6522547.5,517842.56,178958.44,1208265.8,0.0,0.0,1498.868,0.0,9606018.0,606979.5,0.0,23140.43,4267571.0,3209854.8,18293.373,0.0,80079.9,1246665.2,150091.72,0.0,9602677.0,3341.0,0.03
2012-06-01,1600050.6,0.0,0.0,6550844.5,452758.0,198610.67,700627.8,0.0,0.0,1448.0658,0.0,9504340.0,224239.86,0.0,32311.342,4235418.0,2798111.2,13304.756,0.0,716688.44,1158323.1,227161.8,110141.65,9515701.0,-11361.0,-0.12
2012-07-01,1327108.0,0.0,0.0,6561547.5,460773.72,188913.58,570204.8,0.0,0.0,1426.466,0.0,9109974.0,143420.38,0.0,40407.137,4220461.5,2623747.5,11416.218,0.0,625331.8,1097775.8,227286.0,130363.55,9120210.0,-10236.0,-0.11
2012-08-01,1177419.6,0.0,0.0,6575464.5,463089.25,187113.5,466301.7,0.0,0.0,1424.0339,0.0,8870812.0,74319.695,0.0,45540.625,4211628.5,2527179.5,11157.876,0.0,604843.44,1052562.6,254424.1,115298.99,8896956.0,-26144.0,-0.29
2012-09-01,943163.5,0.0,0.0,6568200.0,455586.8,180623.02,416474.88,0.0,0.0,1390.0352,0.0,8565438.0,70732.91,0.0,45337.938,4209791.0,2476027.2,13932.008,0.0,385909.16,1036235.4,229982.72,110926.9,8578875.0,-13437.0,-0.16
2012-10-01,864151.4,0.0,0.0,6566164.5,450374.8,177838.05,384753.25,0.0,0.0,1388.6322,0.0,8444671.0,46822.25,0.0,40803.664,4209426.5,2448467.5,16588.184,0.0,339617.12,1028361.6,220859.14,105365.09,8456311.0,-11640.0,-0.14
2012-11-01,612511.6,0.0,0.0,6556546.5,667857.3,178157.92,382910.4,0.0,0.0,1433.0591,0.0,8399417.0,385537.88,0.0,32372.691,4215610.5,2437463.0,17602.781,0.0,61287.29,1039483.7,215188.66,1696.3468,8406243.0,-6826.0,-0.08
2012-11-30,525779.75,0.0,0.0,6532294.5,5307802.5,289080.0,1623638.9,0.0,0.0,1749.0829,0.0,14280344.0,6564337.5,0.0,22451.021,4239225.0,2144063.5,10976.222,0.0,1093.6732,1093787.8,152448.84,0.0,14228385.0,51959.0,0.36
2012-12-01,771880.56,0.0,0.0,6516029.0,9461781.0,360263.66,3902254.2,0.0,0.0,1999.8284,0.0,21014208.0,12988287.0,0.0,22457.102,4249582.5,1916862.4,6281.671,0.0,1229.782,1165374.4,152851.23,0.0,20502926.0,511282.0,2.46
2012-12-02,1202439.5,0.0,0.0,6515409.0,3697180.8,247352.62,4639043.0,0.0,0.0,1813.0961,0.0,16303238.0,7578505.5,0.0,18833.117,4260735.0,3098811.8,15251.795,0.0,2872.2153,1147665.4,146598.19,0.0,16269273.0,33965.0,0.21
2012-12-03,521437.3,0.0,0.0,6500724.0,9245999.0,372250.16,6226468.5,0.0,0.0,2283.1467,0.0,22869162.0,14785114.0,0.0,18840.709,4271879.5,2164900.5,2651.4138,0.0,2767.7266,1240807.6,147244.06,0.0,22634206.0,234956.0,1.03
2012-12-06,466918.0,0.0,0.0,6501849.5,4013199.8,245080.44,4788115.5,0.0,0.0,1736.36,0.0,16016898.0,7736177.0,0.0,18862.553,4286184.5,2584866.5,30962.451,0.0,2343.1704,1192380.9,147102.02,0.0,15998878.0,18020.0,0.11
2012-12-23,600028.0,0.0,0.0,6494476.0,4166878.5,296979.47,4725975.5,0.0,0.0,1792.8259,0.0,16286129.0,7395345.5,0.0,19022.18,4294545.5,3122488.2,13225.901,0.0,903.0091,1262577.4,147359.36,0.0,16255466.0,30663.0,0.19
2013-01-01,1157297.8,0.0,0.0,6486951.0,1270372.2,180081.27,4083645.2,0.0,0.0,1697.6404,0.0,13180045.0,3375981.8,0.0,19069.309,4320104.0,3912723.5,34086.9,0.0,4751.9185,1336750.2,147201.7,0.0,13150669.0,29376.0,0.22
2013-02-01,1012615.44,0.0,0.0,6520107.5,565288.94,173948.0,1315356.9,0.0,0.0,1517.1243,0.0,9588834.0,627038.1,0.0,19124.549,4274338.5,3202758.8,23979.092,0.0,11152.771,1263400.4,162330.73,0.0,9584123.0,4711.0,0.05
2013-03-01,930701.5,0.0,0.0,6527037.5,460160.53,164661.19,865416.94,0.0,0.0,1481.3909,0.0,8949458.0,330479.1,0.0,19162.516,4257808.0,2907323.0,21406.824,0.0,51045.18,1204229.4,155247.11,0.0,8946701.0,2757.0,0.03
2013-04-01,670828.1,0.0,0.0,6533458.5,680679.75,164326.56,754164.1,0.0,0.0,1477.4211,0.0,8804934.0,427649.47,0.0,19177.389,4249974.0,2708071.8,18921.47,0.0,49187.11,1167813.8,158718.31,0.0,8799513.0,5421.0,0.06
2013-05-01,1147282.1,0.0,0.0,6546801.5,449933.47,181829.4,618148.25,0.0,0.0,1440.9102,0.0,8945436.0,134302.62,0.0,22972.615,4236478.0,2685715.8,18607.916,0.0,512923.84,1131934.1,202402.22,926.2134,8946263.0,-827.0,-0.01
2013-06-01,1244580.4,0.0,0.0,6555602.0,451911.88,181838.56,539584.25,0.0,0.0,1400.4788,0.0,8974917.0,109667.95,0.0,32268.984,4222240.0,2573755.0,14698.316,0.0,596887.56,1087324.1,220558.97,121212.61,8978614.0,-3697.0,-0.04
2013-07-01,989564.44,0.0,0.0,6559116.0,474329.25,171986.7,489791.88,0.0,0.0,1400.6412,0.0,8686189.0,115005.1,0.0,40342.098,4216645.0,2562097.5,14914.301,0.0,383985.25,1057971.8,229744.83,74495.83,8695202.0,-9013.0,-0.1
2013-08-01,918942.75,0.0,0.0,6569224.0,435138.94,180590.69,438644.47,0.0,0.0,1384.8217,0.0,8543926.0,63524.895,0.0,45247.934,4208647.0,2429435.5,14192.05,0.0,408642.12,1028964.2,256435.81,109842.484,8564931.0,-21005.0,-0.25
2013-09-01,855454.94,0.0,0.0,6565861.5,438807.2,176819.05,414356.2,0.0,0.0,1386.5894,0.0,8452686.0,54671.957,0.0,45214.703,4205653.5,2385219.8,14788.949,0.0,411119.8,1012788.56,219581.45,108693.9,8457733.0,-5047.0,-0.06
2013-09-07,830732.44,0.0,0.0,6566383.5,440738.22,177269.83,408818.34,0.0,0.0,1381.2756,0.0,8425323.0,60938.887,0.0,40873.4,4204972.0,2377248.5,14994.246,0.0,389138.62,1011900.5,220305.8,108251.95,8428624.0,-3301.0,-0.04
2013-10-01,621855.75,0.0,0.0,6560949.5,609346.75,180752.92,401044.6,0.0,0.0,1377.896,0.0,8375327.5,365744.25,0.0,40836.88,4206616.0,2322366.5,14581.481,0.0,114032.164,1018077.8,220274.38,71666.19,8374195.5,1132.0,0.01
2013-11-01,630079.1,0.0,0.0,6558444.0,426301.72,176400.39,367798.66,0.0,0.0,1378.0836,0.0,8160401.5,88330.44,0.0,32437.354,4209168.0,2386487.5,15801.139,0.0,198396.3,1015680.94,221177.56,5328.2666,8172808.0,-12406.5,-0.15
2013-12-01,571274.5,0.0,0.0,6548777.0,444471.1,166645.34,355958.7,0.0,0.0,1398.4492,0.0,8088525.0,109876.29,0.0,22466.654,4215681.0,2403772.8,16099.5,0.0,117705.414,1020561.5,183445.86,303.5146,8089913.0,-1388.0,-0.02
2014-01-01,558312.8,0.0,0.0,6548889.0,422150.1,169862.66,454817.5,0.0,0.0,1406.9802,0.0,8155439.0,199085.36,0.0,18900.574,4217209.0,2385857.5,18411.025,0.0,107298.68,1027043.1,184033.88,556.5396,8158395.5,-2956.5,-0.04
2014-02-01,539642.3,0.0,0.0,6546642.0,446724.78,161603.34,316809.62,0.0,0.0,1412.0135,0.0,8012834.5,110525.99,0.0,18959.824,4217088.5,2365916.8,15184.253,0.0,86982.82,1024441.4,176211.98,521.5049,8015833.5,-2999.0,-0.04
2014-02-09,1230904.8,0.0,0.0,6543600.0,5673438.5,249527.88,1938641.0,0.0,0.0,1617.637,0.0,15637731.0,7276800.0,0.0,18989.35,4221292.5,1886732.0,9460.504,0.0,1714.275,1037992.6,163706.7,0.0,14616689.0,1021042.0,6.75
2014-02-10,797990.7,0.0,0.0,6531581.0,6244671.5,260605.39,2815317.0,0.0,0.0,1726.0059,0.0,16651891.0,8603814.0,0.0,19007.021,4228630.0,2180593.8,7100.722,0.0,2590.604,1065198.2,163880.02,0.0,16270815.0,381076.0,2.31
2014-03-01,473776.44,0.0,0.0,6537489.0,2294624.0,204052.23,1746502.0,0.0,0.0,1568.3124,0.0,11258012.0,3305098.8,0.0,19024.514,4238748.0,2432706.0,10291.493,0.0,6592.25,1079836.9,164262.77,0.0,11256560.0,1452.0,0.01
2014-04-01,459732.44,0.0,0.0,6533098.5,1408040.0,204858.44,1210883.5,0.0,0.0,1573.803,0.0,9818186.0,1681735.4,0.0,19118.514,4247929.0,2585548.2,11833.157,0.0,8620.442,1107539.8,154525.53,0.0,9816850.0,1336.0,0.01
2014-05-01,875260.6,0.0,0.0,6540614.0,454907.44,189238.6,646035.94,0.0,0.0,1436.3494,0.0,8707492.0,262353.06,0.0,22795.781,4239946.5,2678030.2,15448.992,0.0,212303.17,1092501.8,189227.22,171.6409,8712779.0,-5287.0,-0.06
2014-05-27,1196127.9,0.0,0.0,6554059.5,429827.03,186129.12,466170.2,0.0,0.0,1397.2261,0.0,8833711.0,104341.51,0.0,31858.854,4223872.0,2511914.0,13147.591,0.0,584025.6,1051818.6,195082.73,116344.69,8832406.0,1305.0,0.01
2014-06-01,1123681.0,0.0,0.0,6553639.0,466027.66,184869.1,451853.34,0.0,0.0,1393.0851,0.0,8781463.0,140859.31,0.0,31820.723,4221795.0,2476618.0,12957.311,0.0,541816.44,1046362.94,195028.23,115542.05,8782800.0,-1337.0,-0.02
2014-07-01,1055262.5,0.0,0.0,6567703.0,461092.3,183954.75,371529.5,0.0,0.0,1402.849,0.0,8640945.0,48730.77,0.0,39751.074,4211815.0,2404513.0,13237.034,0.0,571215.9,1008746.06,220607.08,127811.24,8646427.0,-5482.0,-0.06
2014-08-01,904463.3,0.0,0.0,6569287.0,445200.9,183374.3,336594.4,0.0,0.0,1392.475,0.0,8440312.0,35348.617,0.0,44778.87,4205304.5,2345538.2,12615.28,0.0,477327.78,988454.7,227257.17,111899.84,8448525.0,-8213.0,-0.1
2014-09-01,788637.4,0.0,0.0,6561965.5,430196.9,167742.17,304686.44,0.0,0.0,1381.7911,0.0,8254610.5,24666.656,0.0,44708.688,4207355.5,2310855.8,14531.689,0.0,371654.78,980675.25,189228.34,108794.21,8252471.5,2139.0,0.03
2014-10-01,636561.06,0.0,0.0,6560834.0,477163.03,183780.89,300804.34,0.0,0.0,1374.3658,0.0,8160518.0,69349.664,0.0,40431.785,4205523.0,2336043.2,12087.703,0.0,213992.11,986810.25,218026.53,81976.86,8164241.5,-3723.5,-0.05
2014-11-01,482017.1,0.0,0.0,6547385.0,604107.6,165215.77,289125.44,0.0,0.0,1395.2572,0.0,8089246.5,315220.38,0.0,32115.736,4214077.0,2284501.2,11557.431,0.0,64025.957,994327.9,170136.48,944.4009,8086906.5,2340.0,0.03
2014-12-01,402675.3,0.0,0.0,6545458.0,1202351.0,174946.36,489751.6,0.0,0.0,1437.2488,0.0,8816620.0,1182838.2,0.0,22240.281,4223515.5,2209703.2,5603.844,0.0,5865.017,1011082.75,152601.08,0.0,8813450.0,3170.0,0.04
2014-12-04,540764.06,0.0,0.0,6538111.5,5993961.0,266397.0,1958647.8,0.0,0.0,1704.3298,0.0,15299585.0,7769706.0,0.0,18664.83,4227307.0,1883266.4,2716.475,0.0,2300.3833,1037191.2,161185.53,0.0,15102337.0,197248.0,1.3
2014-12-05,789747.44,0.0,0.0,6539337.0,2612662.0,217725.5,2002550.4,0.0,0.0,1653.0913,0.0,12163675.0,4081802.2,0.0,18667.457,4230835.0,2590947.5,2809.217,0.0,2694.8337,1037680.7,161077.89,0.0,12126515.0,37160.0,0.31
2014-12-12,822200.2,0.0,0.0,6500619.0,15932995.0,738529.0,4954574.0,0.0,0.0,2410.0188,0.0,28951328.0,20795960.0,0.0,18689.088,4251696.0,1729518.1,989.9678,0.0,2233.4033,1241830.2,161987.8,0.0,28202906.0,748422.0,2.62
2014-12-13,1309611.0,0.0,0.0,6507651.5,3987466.0,388886.0,6055978.0,0.0,0.0,1812.0308,0.0,18251404.0,9384881.0,0.0,18696.092,4265405.0,3212217.2,6053.8315,0.0,2299.5059,1154570.5,161546.61,0.0,18205670.0,45734.0,0.25
2015-01-01,1137490.0,0.0,0.0,6511402.0,830182.0,239847.83,2214133.2,0.0,0.0,1516.6725,0.0,10934572.0,1853606.8,0.0,18896.193,4285919.5,3383470.0,21827.72,0.0,5173.0903,1183601.6,162167.66,0.0,10914663.0,19909.0,0.18
2015-02-01,839686.4,0.0,0.0,6518116.0,447266.5,170887.9,822484.6,0.0,0.0,1444.9797,0.0,8799887.0,414110.47,0.0,18934.234,4261288.5,2792660.5,15289.421,0.0,29259.914,1142265.2,122719.25,0.0,8796527.0,3360.0,0.04
2015-02-08,659107.8,0.0,0.0,6509081.5,7351473.0,404845.16,2066016.2,0.0,0.0,1991.9459,0.0,16992516.0,8963940.0,0.0,18938.145,4260384.0,2379037.2,441.9077,0.0,6664.239,1203270.6,128731.06,0.0,16961408.0,31108.0,0.18
2015-03-01,791910.1,0.0,0.0,6521762.5,536015.8,211044.14,1232460.5,0.0,0.0,1457.6444,0.0,9294651.0,700071.25,0.0,18957.346,4262567.0,2977156.2,15720.27,0.0,16406.389,1169163.8,128762.44,0.0,9288805.0,5846.0,0.06
2015-04-01,852109.94,0.0,0.0,6534420.5,456680.4,190178.3,710518.44,0.0,0.0,1444.6339,0.0,8745353.0,283083.66,0.0,18951.627,4244883.0,2678731.0,12722.427,0.0,234294.33,1118407.9,155061.94,92.2886,8746228.0,-875.0,-0.01
2015-05-01,1038690.8,0.0,0.0,6542348.5,479444.0,181658.97,571719.75,0.0,0.0,1442.2006,0.0,8815304.0,166825.83,0.0,22672.535,4237081.5,2588302.0,12238.716,0.0,547675.6,1087812.4,151450.73,1702.7054,8815762.0,-458.0,-0.01
2015-06-01,1028509.3,0.0,0.0,6550441.0,440851.03,183886.4,502611.88,0.0,0.0,1409.8396,0.0,8707710.0,111030.1,0.0,31802.549,4225006.5,2486525.8,9298.571,0.0,498098.0,1052970.0,165811.92,128260.96,8708805.0,-1095.0,-0.01
2015-07-01,969538.94,0.0,0.0,6565199.0,466132.84,197572.83,433475.12,0.0,0.0,1397.5269,0.0,8633317.0,88918.016,0.0,39730.93,4213189.5,2409640.2,11034.071,0.0,522438.8,1019512.8,199304.17,130896.92,8634666.0,-1349.0,-0.02
2015-08-01,846044.9,0.0,0.0,6554792.5,456892.62,168604.22,407310.88,0.0,0.0,1389.4268,0.0,8435034.0,87244.74,0.0,44699.77,4215385.5,2356383.0,14554.645,0.0,450128.22,999725.44,154407.1,113804.39,8436332.0,-1298.0,-0.02
2015-09-01,730096.75,0.0,0.0,6557411.0,445164.7,173824.3,382089.84,0.0,0.0,1362.2035,0.0,8289949.0,70512.05,0.0,44728.906,4212846.5,2339497.5,18177.154,0.0,328626.1,991713.75,170162.52,109222.26,8285487.0,4462.0,0.05
2015-10-01,648035.56,0.0,0.0,6556849.5,442991.38,179769.9,368033.0,0.0,0.0,1363.4323,0.0,8197043.0,97617.34,0.0,40427.086,4211745.5,2340977.5,22286.613,0.0,207651.08,993861.9,185044.22,100331.78,8199943.0,-2900.0,-0.04
2015-10-15,643998.25,0.0,0.0,6559001.0,439146.4,181259.73,388963.9,0.0,0.0,1381.1141,0.0,8213750.0,122269.84,0.0,32169.305,4211946.5,2325755.2,22207.99,0.0,317174.6,989461.2,185189.0,6935.423,8213109.0,641.0,0.01
2015-11-01,574382.4,0.0,0.0,6555081.5,470609.94,179683.73,342020.8,0.0,0.0,1378.4302,0.0,8123157.0,97033.375,0.0,32191.473,4212951.0,2329595.0,24042.727,0.0,230942.61,992778.6,185160.55,5849.595,8110544.5,12612.5,0.16
2015-12-01,485328.34,0.0,0.0,6535772.5,521089.66,154950.42,342335.47,0.0,0.0,1396.4779,0.0,8040873.0,147514.39,0.0,22315.736,4225623.0,2376265.8,25203.336,0.0,49140.5,1010798.7,124927.49,50.0961,7981839.0,59034.0,0.74
2015-12-23,454981.34,0.0,0.0,6520852.0,9128569.0,361447.8,3290386.0,0.0,0.0,2254.9194,0.0,19758490.0,11944111.0,0.0,18806.324,4243121.5,2060826.4,5097.341,0.0,1345.1019,1147686.8,137031.03,0.0,19558026.0,200464.0,1.02
2016-01-01,498398.0,0.0,0.0,6521714.5,6060017.0,1661721.4,2047807.4,0.0,0.0,1785.351,0.0,16791444.0,7364792.0,0.0,18909.203,4253262.5,2449091.2,31001.314,0.0,952.2419,1132485.2,136624.53,0.0,15387118.0,1404326.0,8.73
